Name,TotalDecRate,ApproDate,TotalReqRate
div5800500,0.348656,18890507,0.348656
div5800501,0.0283,19030508,0.0283
div5800502,0.0566,18990623,0.0566
div5800503,0.035375,19070101,0.035375
div5800505,0.102163,19010722,0.102163
div5800506,0.4245,19531020,0.4245
div5800507,0.0421953,19040601,0.0421953
div5800508,0.20376,18900917,0.20376
div5800509,0.04528,19060601,0.04528
div5800511,0.01981,18910502,0.01981
div5800512,0.0849,19450714,0.0849
div5800513,0.0566,18900501,0.0566
div5800514,0.033111,19050611,0.033111
div5800515,0.01132,19050601,0.01132
div5800516,0.04245,19520201,0.04245
div5800517,0.03396,19020502,0.03396
div5800518,0.0566,18900501,0.0566
div5800519,0.122256,19030630,0.122256
div5800520,0.16697,19340501,0.16697
div5800522,0.07075,18870501,0.07075
div5800523,0.080655,19141005,0.080655
div5800524,0.1311139,19150518,0.1311139
div5800525,0.0835133,19020630,0.0835133
div5800528,0.03396,18950101,0.03396
div5800530,1.40368,18881029,1.40368
div5800531,0.00496665,19120612,0.00496665
div5800532,0.228664,19030507,0.228664
div5800533,0.094239,18860515,0.094239
div5800534,0.04528,19110101,0.04528
div5800535,0.07641,19340601,0.07641
div5800537,0.065939,19021115,0.065939
div5800539,0.7924,19000601,0.7924
div5800540,0.1415,18930520,0.1415
div5800541,0.326865,18830628,0.326865
div5800543,0.12735,19221110,0.12735
div5800544,0.04245,19130601,0.04245
div5800545,0.0566,18920620,0.0566
div5800547,0.0,19400515,0.0
div5800548,0.07924,18880906,0.07924
div5800549,0.363089,19070617,0.363089
div5800550,0.09339,19201231,0.09339
div5800551,0.046695,19201231,0.046695
div5800552,0.0849,19200701,0.0849
div5800554,0.069618,19610625,0.069618
div5800555,0.016414,19110716,0.016414
div5800556,0.15848,18910503,0.15848
div5800557,0.11886,19010105,0.11886
div5800558,0.1415,19110105,0.1415
div5800559,0.18961,18870515,0.18961
div5800560,0.0283,19060608,0.0283
div5800561,0.1415,18920809,0.1415
div5800563,0.0283,19100601,0.0283
div5800564,0.643259,18881002,0.643259
div5800565,0.1132,19310601,0.1132
div5800566,0.1415,19110610,0.1415
div5800568,0.55751,18870901,0.55751
div5800569,0.410067,19060730,0.410067
div5800570,0.4245,19580829,0.4245
div5800573,0.091975,19101231,0.091975
div5800574,0.163291,18900601,0.163291
div5800575,0.07075,18900423,0.07075
div5800577,0.37639,18861020,0.37639
div5800578,0.069335,19050702,0.069335
div5800579,0.004811,19051101,0.004811
div5800580,0.00849,18980801,0.00849
div5800581,0.0283,18950508,0.0283
div5800582,0.1698,18900615,0.1698
div5800583,0.1415,19011002,0.1415
div5800587,0.0566,19521010,0.0566
div5800588,0.20942,18880503,0.20942
div5800589,0.2264,19450615,0.2264
div5800590,0.18395,18890410,0.18395
div5800591,0.263756,18880601,0.263756
div5800592,0.0566,19190510,0.0566
div5800593,0.10754,18920527,0.10754
div5800595,0.09622,19340701,0.09622
div5800596,0.09905,18830525,0.09905
div5800598,0.046978,19040919,0.046978
div5800599,0.2264,18920515,0.2264
div5800601,0.00022074,19530925,0.00022074
div5800602,0.023489,18840501,0.023489
div5800603,0.0566,19010701,0.0566
div5800604,0.1698,18870801,0.1698
div5800606,0.0046978,19000811,0.0046978
div5800607,0.1132,19010810,0.1132
div5800608,0.009339,18991031,0.009339
div5800609,0.046978,18891031,0.046978
div5800611,0.00566,19030507,0.00566
div5800612,0.24055,18881001,0.24055
div5800613,0.1132,19210615,0.1132
div5800614,0.0,18970601,0.0
div5800615,0.0833718,19040603,0.0833718
div5800617,0.07075,18870905,0.07075
div5800618,0.4245,18900422,0.4245
div5800619,0.073014,18900620,0.073014
div5800620,0.0283,18940920,0.0283
div5800621,0.0566,19501214,0.0566
div5800622,0.481666,18880501,0.481666
div5800623,0.412331,18860515,0.412331
div5800624,0.04245,19500515,0.04245
div5800625,0.1698,18890713,0.1698
div5800626,0.601092,18871012,0.601092
div5800627,0.8207,18871008,0.8207
div5800628,0.35375,18900525,0.35375
div5800629,0.02760665,18890915,0.02760665
div5800630,0.1132,18900715,0.1132
div5800631,0.075278,19070425,0.075278
div5800632,0.0018961,19590601,0.0018961
div5800633,0.447706,18900515,0.447706
div5800634,0.4245,18860510,0.4245
div5800636,0.035375,18890508,0.035375
div5800640,0.15565,19010901,0.15565
div5800641,0.075278,18910601,0.075278
div5800642,0.4962688,18890809,0.4962688
div5800643,0.510532,18830525,0.510532
div5800644,0.0012735,19530615,0.0012735
div5800646,0.0566,19221030,0.0566
div5800647,0.046978,19020620,0.046978
div5800648,0.046978,19010721,0.046978
div5800649,0.67354,18870701,0.67354
div5800651,0.0,19010601,0.0
div5800652,0.0,19010601,0.0
div5800653,0.21225,19010601,0.21225
div5800654,0.046978,19110610,0.046978
div5800655,0.046978,19020801,0.046978
div5800657,0.12735,18900620,0.12735
div5800658,0.075278,19200601,0.075278
div5800659,0.035375,18900620,0.035375
div5800660,0.01698,18890520,0.01698
div5800661,0.0283,18840612,0.0283
div5800662,0.509117,18880501,0.509117
div5800663,0.22074,18981012,0.22074
div5800664,0.1415,18880525,0.1415
div5800665,0.1415,19621004,0.1415
div5800668,0.018678,18900528,0.018678
div5800669,0.0849,19120904,0.0849
div5800670,0.0262058,18921001,0.0262058
div5800671,0.0566,18950501,0.0566
div5800673,0.07641,19050925,0.07641
div5800675,0.03679,18900601,0.03679
div5800676,0.0566,18850617,0.0566
div5800677,0.0283,19500912,0.0283
div5800678,0.142066,18960529,0.142066
div5800679,0.04245,18990825,0.04245
div5800680,0.106125,18960529,0.106125
div5800684,0.2264,18880502,0.2264
div5800685,0.1981,19310925,0.1981
div5800686,0.065939,19021112,0.065939
div5800687,0.372428,18910622,0.372428
div5800688,0.162725,18960529,0.162725
div5800689,0.127916,18941002,0.127916
div5800691,0.04245,18860616,0.04245
div5800692,0.0849,18941001,0.0849
div5800693,0.01698,19471022,0.01698
div5800694,0.733536,18870701,0.733536
div5800695,0.334789,19001101,0.334789
div5800696,0.046978,18981027,0.046978
div5800697,0.1891572,18890809,0.1891572
div5800698,0.07075,19010604,0.07075
div5800699,0.0283,18871013,0.0283
div5800702,0.01415,18920530,0.01415
div5800703,0.018678,19010916,0.018678
div5800704,0.0283,19010101,0.0283
div5800705,0.00566,19050710,0.00566
div5800706,0.1132,18890201,0.1132
div5800708,0.09339,19080601,0.09339
div5800709,0.12169,19080601,0.12169
div5800710,0.093673,19200601,0.093673
div5800711,0.0283,19480930,0.0283
div5800712,0.0283,19400701,0.0283
div5800714,0.718537,18851001,0.718537
div5800716,0.1698,19000630,0.1698
div5800717,0.16697,19021015,0.16697
div5800718,0.009339,19030731,0.009339
div5800719,0.01415,19030731,0.01415
div5800721,0.178856,19040601,0.178856
div5800722,0.193289,18880415,0.193289
div5800723,0.1132,18920630,0.1132
div5800725,0.1415,18850430,0.1415
div5800726,0.000849,19140601,0.000849
div5800727,0.001132,19590728,0.001132
div5800728,0.14716,18890501,0.14716
div5800730,0.335072,19110719,0.335072
div5800731,0.202062,19080810,0.202062
div5800732,0.13584,18900620,0.13584
div5800734,0.1132,19021115,0.1132
div5800735,0.405539,19000601,0.405539
div5800737,0.037639,19200601,0.037639
div5800738,0.292339,18890410,0.292339
div5800741,0.127916,19000424,0.127916
div5800742,0.0283,19050601,0.0283
div5800743,0.36507,19130101,0.36507
div5800744,0.0,19130101,0.0
div5800745,0.0,19130101,0.0
div5800746,0.38488,19130101,0.38488
div5800747,0.0,19130101,0.0
div5800748,0.046978,18840520,0.046978
div5800749,0.3113,18900420,0.3113
div5800750,0.033394,19110601,0.033394
div5800751,0.0283,19001125,0.0283
div5800752,0.1415,19020615,0.1415
div5800753,0.216778,19100615,0.216778
div5800754,0.0283,19060601,0.0283
div5800755,0.11886,18871031,0.11886
div5800756,0.23206,18920530,0.23206
div5800759,0.0849,18980610,0.0849
div5800760,0.07075,18990610,0.07075
div5800763,0.881262,18851020,0.881262
div5800764,0.075278,18900515,0.075278
div5800765,0.0283,18880601,0.0283
div5800766,0.080089,19050501,0.080089
div5800767,0.1698,19090611,0.1698
div5800768,0.018678,19060930,0.018678
div5800770,0.0283,18850531,0.0283
div5800771,0.0,18850531,0.0
div5800772,0.04811,18850601,0.04811
div5800773,0.1028705,18880906,0.1028705
div5800776,0.075278,18890618,0.075278
div5800777,0.229796,18830525,0.229796
div5800779,0.04245,18960529,0.04245
div5800781,0.018678,19120731,0.018678
div5800782,0.1415,18860801,0.1415
div5800783,0.669578,18860614,0.669578
div5800784,0.117728,19240626,0.117728
div5800785,0.033111,18910630,0.033111
div5800786,0.037639,18910630,0.037639
div5800787,0.04245,18881021,0.04245
div5800788,0.0283,18881021,0.0283
div5800789,0.03396,19070601,0.03396
div5800790,0.0849,19030729,0.0849
div5800791,0.18961,19030729,0.18961
div5800792,0.0283,19040501,0.0283
div5800793,0.04245,18951031,0.04245
div5800794,0.04245,19010801,0.04245
div5800795,0.06226,20020615,0.06226
div5800796,0.0566,19010601,0.0566
div5800797,0.283,19050801,0.283
div5800798,0.264039,18830628,0.264039
div5800799,0.2264,18890618,0.2264
div5800800,0.051789,19001125,0.051789
div5800801,0.260077,18890413,0.260077
div5800802,0.009622,19350601,0.009622
div5800803,0.04245,18981023,0.04245
div5800804,0.0566,19011010,0.0566
div5800805,0.32545,18870725,0.32545
div5800806,0.01415,18870725,0.01415
div5800807,0.227249,18940706,0.227249
div5800808,0.469214,18890327,0.469214
div5800809,0.16697,18850602,0.16697
div5800810,0.051506,19000510,0.051506
div5800811,0.1415,18991005,0.1415
div5800812,0.04245,19110426,0.04245
div5800813,0.1698,18910502,0.1698
div5800815,0.0849,18930701,0.0849
div5800817,0.07641,19130601,0.07641
div5800819,0.046978,19020615,0.046978
div5800820,0.1132,18920718,0.1132
div5800821,0.29998,18830606,0.29998
div5800823,2.83e-05,19541024,2.83e-05
div5800824,0.0283,19030422,0.0283
div5800825,0.007075,18940706,0.007075
div5800826,0.22923,19200701,0.22923
div5800827,0.0283,18890512,0.0283
div5800828,0.0566,18890512,0.0566
div5800829,0.106125,18860502,0.106125
div5800830,0.091409,18910813,0.091409
div5800833,0.0283,19050714,0.0283
div5800835,0.09905,18950625,0.09905
div5800837,0.0283,19021112,0.0283
div5800838,0.018678,19010209,0.018678
div5800839,0.0849,18960615,0.0849
div5800840,0.00566,19090515,0.00566
div5800842,0.032828,19340403,0.032828
div5800843,0.1132,19310804,0.1132
div5800844,0.162442,18890413,0.162442
div5800847,0.243946,18951101,0.243946
div5800848,0.1415,19330713,0.1415
div5800849,0.18395,19410601,0.18395
div5800850,0.157348,19030801,0.157348
div5800851,0.0566,20020501,0.0566
div5800853,0.03962,18950901,0.03962
div5800856,0.004245,19431003,0.004245
div5800857,0.0849,19050525,0.0849
div5800861,0.065939,18981013,0.065939
div5800863,0.3396,18880601,0.3396
div5800864,0.1132,18870905,0.1132
div5800865,0.09905,18880819,0.09905
div5800866,0.2264,19010611,0.2264
div5800867,0.0849,18870418,0.0849
div5800868,0.6689271,18870610,0.6689271
div5800871,0.009622,19350601,0.009622
div5800872,0.169234,18890406,0.169234
div5800873,0.04528,18850601,0.04528
div5800874,0.00055185,18950607,0.00055185
div5800875,0.04245,19180101,0.04245
div5800876,0.004528,19370801,0.004528
div5800877,0.0235739,18890628,0.0235739
div5800878,0.0566,18890801,0.0566
div5800879,0.5959131,18840614,0.5959131
div5800880,0.04528,19591217,0.04528
div5800881,0.07641,19520504,0.07641
div5800882,0.023489,18990928,0.023489
div5800883,0.030564,19330422,0.030564
div5800884,0.275925,19020502,0.275925
div5800889,0.332525,19030512,0.332525
div5800890,0.1415,19030512,0.1415
div5800891,0.1415,19030512,0.1415
div5800892,0.2264,19030512,0.2264
div5800895,0.3679,19120501,0.3679
div5800897,1.33293,18881029,1.33293
div5800898,0.0849,19550701,0.0849
div5800901,0.0009339,20020711,0.0009339
div5800903,0.0849,19550807,0.0849
div5800904,0.010754,18860501,0.010754
div5800905,0.0566,18870521,0.0566
div5800906,0.1132,18950620,0.1132
div5800907,0.046978,18840527,0.046978
div5800908,0.157631,18900501,0.157631
div5800909,0.0566,19331006,0.0566
div5800910,0.03679,19440601,0.03679
div5800911,0.0566,19440601,0.0566
div5800913,0.007075,19230701,0.007075
div5800915,0.390257,18970607,0.390257
div5800916,0.414878,18870521,0.414878
div5800917,0.185931,19030415,0.185931
div5800918,0.0566,19160715,0.0566
div5800919,0.0566,18921115,0.0566
div5800920,2.13665,18870720,2.13665
div5800921,0.021225,18830614,0.021225
div5800922,0.1415,18890904,0.1415
div5800923,0.1459431,19010722,0.1459431
div5800924,0.13867,18891019,0.13867
div5800925,0.003962,19040516,0.003962
div5800926,0.023489,19040516,0.023489
div5800927,0.00566,19040516,0.00566
div5800928,0.15848,18880905,0.15848
div5800929,0.028017,19110719,0.028017
div5800931,0.028017,18920531,0.028017
div5800932,0.10754,18880924,0.10754
div5800933,0.228664,18870516,0.228664
div5800934,0.216778,19020801,0.216778
div5800938,0.01415,18900618,0.01415
div5800939,0.1698,18920701,0.1698
div5800940,0.336204,19101101,0.336204
div5800941,0.009339,19110912,0.009339
div5800942,0.0021791,19630601,0.0021791
div5800943,0.418557,18870610,0.418557
div5800944,1.05842,18850614,1.05842
div5800945,0.329978,18830525,0.329978
div5800946,0.037639,19230101,0.037639
div5800947,0.023489,19230101,0.023489
div5800948,0.040186,19151114,0.040186
div5800949,0.0,19151114,0.0
div5800950,0.0,19151114,0.0
div5800952,0.009905,19400822,0.009905
div5800954,0.0,18830628,0.0
div5800956,0.03396,18910501,0.03396
div5800958,0.001415,19220501,0.001415
div5800961,0.004245,19421015,0.004245
div5800963,0.00283,19330701,0.00283
div5800964,0.007075,19330701,0.007075
div5800968,0.000283,19730402,0.000283
div5800969,0.0283,19670730,0.0283
div5800970,0.00849,19740601,0.00849
div5800971,0.00283,19450101,0.00283
div5800972,0.00283,19600101,0.00283
div5800975,0.0005943,19680701,0.0005943
div5800976,0.006226,19681121,0.006226
div5800978,0.01415,19050601,0.01415
div5800980,0.152537,18920601,0.152537
div5800981,0.0283,19530515,0.0283
div5800982,0.00849,19740601,0.00849
div5800985,0.1415,19381007,0.1415
div5800986,0.16697,19381007,0.16697
div5800987,0.00849,19740601,0.00849
div5800988,0.000849,19740601,0.000849
div5800989,0.000849,19761001,0.000849
div5800994,0.07641,19380601,0.07641
div5800995,0.07641,19380601,0.07641
div5800999,0.0009339,19760801,0.0009339
div5801001,0.0566,19190501,0.0566
div5801002,0.00283,19190501,0.00283
div5801004,0.007075,19190501,0.007075
div5801005,0.007075,19190501,0.007075
div5801008,0.006226,19680615,0.006226
div5801016,0.0283,19660801,0.0283
div5801017,0.0,19580602,0.0
div5801018,0.0,19630520,0.0
div5801020,0.009339,19690801,0.009339
div5801021,0.283,18880614,0.283
div5801022,0.0283,19300501,0.0283
div5801025,0.001415,19200801,0.001415
div5801027,0.1622439,18890809,0.1622439
div5801030,0.00283,19680717,0.00283
div5801031,0.00283,19520805,0.00283
div5801032,0.003396,19520805,0.003396
div5801033,0.00283,19520805,0.00283
div5801034,0.00566,18900615,0.00566
div5801035,0.15282,18900615,0.15282
div5801037,0.1132,19040801,0.1132
div5801038,0.0283,19190915,0.0283
div5801039,0.0283,19190915,0.0283
div5801040,0.0006226,19850605,0.0006226
div5801041,0.001415,19050601,0.001415
div5801042,0.00283,19330704,0.00283
div5801043,0.0002547,19451101,0.0002547
div5801044,0.0566,19120101,0.0566
div5801045,0.01415,19620720,0.01415
div5801046,0.001415,19250501,0.001415
div5801047,0.001415,19580801,0.001415
div5801049,0.0283,19401231,0.0283
div5801056,0.000283,19650801,0.000283
div5801058,0.001981,19150601,0.001981
div5801059,0.0009339,19150601,0.0009339
div5801060,0.001415,19250501,0.001415
div5801061,0.001415,19690621,0.001415
div5801063,0.0283,19330701,0.0283
div5801064,0.000849,19601001,0.000849
div5801067,0.00157631,19841201,0.00157631
div5801068,0.06226,19660601,0.06226
div5801070,0.07075,19580701,0.07075
div5801072,0.0849,19450601,0.0849
div5801073,0.0,18900917,0.0
div5801074,0.160178,19430515,0.160178
div5801077,5.66e-05,19770401,5.66e-05
div5801079,0.00283,19570701,0.00283
div5801080,0.001415,19570701,0.001415
div5801081,0.04245,19580810,0.04245
div5801084,0.16697,18880601,0.16697
div5801085,0.4245,18951017,0.4245
div5801086,0.03679,19580810,0.03679
div5801088,0.00012452,19660815,0.00012452
div5801089,0.000283,19480601,0.000283
div5801091,0.204892,19090804,0.204892
div5801093,0.0283,19570620,0.0283
div5801094,0.05094,19220910,0.05094
div5801095,0.15282,19070601,0.15282
div5801096,0.0566,19480101,0.0566
div5801098,0.007641,19120912,0.007641
div5801100,0.07075,19330601,0.07075
div5801102,0.11886,19400515,0.11886
div5801103,0.0009339,19770501,0.0009339
div5801104,0.0003113,19770601,0.0003113
div5801105,0.000566,19721025,0.000566
div5801106,0.001132,19721225,0.001132
div5801109,0.000849,19660716,0.000849
div5801115,0.0005094,19440601,0.0005094
div5801116,0.0003113,19440601,0.0003113
div5801117,0.0003113,19440601,0.0003113
div5801118,0.0007641,19440601,0.0007641
div5801119,0.000566,18900701,0.000566
div5801120,0.000566,18900701,0.000566
div5801121,0.000566,18900701,0.000566
div5801122,0.000849,18900701,0.000849
div5801123,0.000566,19100315,0.000566
div5801124,0.000566,19150501,0.000566
div5801127,0.001132,19700915,0.001132
div5801129,0.000283,19700601,0.000283
div5801130,0.000283,19000101,0.000283
div5801131,0.000566,19540501,0.000566
div5801133,0.000283,19180501,0.000283
div5801134,0.001698,19200715,0.001698
div5801135,0.0009905,19240501,0.0009905
div5801144,0.030281,19650630,0.030281
div5801145,0.0007641,19600930,0.0007641
div5801146,0.000283,19650831,0.000283
div5801151,0.018961,19190701,0.018961
div5801152,0.00566,19250801,0.00566
div5801158,0.000849,19220910,0.000849
div5801160,0.0012452,19370501,0.0012452
div5801161,0.000283,19440415,0.000283
div5801162,0.00566,19500620,0.00566
div5801164,0.0003962,19661101,0.0003962
div5801171,0.000566,19220910,0.000566
div5801172,0.000283,19720510,0.000283
div5801174,7.075e-05,19070608,7.075e-05
div5801175,2.83e-05,19070608,2.83e-05
div5801176,0.004245,19180501,0.004245
div5801179,0.000849,19721025,0.000849
div5801180,0.000566,19721025,0.000566
div5801183,0.0009339,19750814,0.0009339
div5801185,0.000283,19120101,0.000283
div5801188,0.000283,19120101,0.000283
div5801190,0.049808,18860501,0.049808
div5801200,0.04245,19000515,0.04245
div5801202,0.0044148,19200701,0.0044148
div5801203,0.0044148,19200701,0.0044148
div5801204,0.009339,19200701,0.009339
div5801205,0.0018961,19150801,0.0018961
div5801209,0.000566,19480715,0.000566
div5801210,0.000849,19480901,0.000849
div5801211,0.046695,19240720,0.046695
div5801212,0.029432,19240720,0.029432
div5801213,0.030564,19240721,0.030564
div5801214,0.058864,19240722,0.058864
div5801215,0.000283,19560601,0.000283
div5801217,0.000566,19720601,0.000566
div5801218,0.000566,19720601,0.000566
div5801230,0.000283,19120601,0.000283
div5801231,0.000283,19120601,0.000283
div5801232,0.000283,19420501,0.000283
div5801236,0.0094239,19010601,0.0094239
div5801237,0.00094239,19010601,0.00094239
div5801242,0.001698,19240501,0.001698
div5801247,0.0009339,19780701,0.0009339
div5801252,0.00283,19771001,0.00283
div5801264,0.01415,19880506,0.01415
div5801267,0.0009339,19770530,0.0009339
div5801271,0.01415,19270601,0.01415
div5801272,0.0009339,19550601,0.0009339
div5801273,0.0009339,19770316,0.0009339
div5801277,0.0009339,19770715,0.0009339
div5801278,0.0009339,19850601,0.0009339
div5801280,0.0009339,19400601,0.0009339
div5801282,0.035375,19910831,0.035375
div5801285,0.0283,19550601,0.0283
div5801288,0.035375,19910831,0.035375
div5801312,0.0283,19951115,0.0283
div5801316,0.0283,19200601,0.0283
div5801329,0.00283,19840727,0.00283
div5801331,0.0009339,19850121,0.0009339
div5801333,0.007075,19500630,0.007075
div5801337,0.0283,19850128,0.0283
div5801343,0.0009339,19870304,0.0009339
div5801346,0.0010471,19600601,0.0010471
div5801361,0.0009339,19820801,0.0009339
div5801364,0.01415,19650815,0.01415
div5801368,0.0006226,19760610,0.0006226
div5801369,0.0006226,19770820,0.0006226
div5801380,0.0009339,19000701,0.0009339
div5801384,0.0003113,19831015,0.0003113
div5801385,0.0003113,19831015,0.0003113
div5801386,0.0003113,19831015,0.0003113
div5801388,0.0009339,19830930,0.0009339
div5801389,0.0283,19850615,0.0283
div5801394,0.0037639,19850515,0.0037639
div5801397,0.0006226,19830801,0.0006226
div5801399,0.01415,19860624,0.01415
div5801403,0.1132,19500610,0.1132
div5801405,0.134425,19470930,0.134425
div5801406,0.11037,19130930,0.11037
div5801407,0.080655,19090911,0.080655
div5801408,0.07075,19090911,0.07075
div5801409,0.032545,18930531,0.032545
div5801411,0.01415,19511101,0.01415
div5801413,0.000283,19451231,0.000283
div5801414,0.000283,19451231,0.000283
div5801415,0.000283,19451231,0.000283
div5801416,0.000283,19451231,0.000283
div5801419,0.0037922,19530525,0.0037922
div5801424,0.0001981,19240501,0.0001981
div5801425,0.0003396,19240501,0.0003396
div5801428,0.2264,18900515,0.2264
div5801432,0.0283,19520601,0.0283
div5801435,0.151405,19090911,0.151405
div5801438,0.0566,19160701,0.0566
div5801439,0.001415,19120501,0.001415
div5801440,0.007075,19120501,0.007075
div5801445,0.01415,19400601,0.01415
div5801446,0.00566,19400601,0.00566
div5801447,0.00566,19550601,0.00566
div5801448,0.01415,19590601,0.01415
div5801450,0.0,19860624,0.0
div5801451,0.0,19860624,0.0
div5801452,0.007075,19770715,0.007075
div5801459,0.0009339,19810601,0.0009339
div5801460,0.0009339,19810601,0.0009339
div5801476,0.00849,19370701,0.00849
div5801477,0.0283,19370701,0.0283
div5801478,0.01415,19370701,0.01415
div5801481,0.0858339,19820715,0.0858339
div5801482,0.0018678,19850301,0.0018678
div5801484,0.001132,19860901,0.001132
div5801505,0.0009339,19840930,0.0009339
div5801506,0.0009339,19840930,0.0009339
div5801513,0.00566,19540601,0.00566
div5801524,0.0009339,19980602,0.0009339
div5801526,0.0009339,19880803,0.0009339
div5801527,0.0009339,19880803,0.0009339
div5801528,0.000566,19441231,0.000566
div5801529,0.007075,19880510,0.007075
div5801530,0.0004811,19871120,0.0004811
div5801531,0.0004811,19871120,0.0004811
div5801532,0.0004528,19871120,0.0004528
div5801541,0.1132,19400515,0.1132
div5801547,0.01415,19120501,0.01415
div5801553,0.0009339,19890412,0.0009339
div5801555,0.001698,19730912,0.001698
div5801562,0.0566,19600501,0.0566
div5801563,0.000566,19400601,0.000566
div5801569,0.0,19140601,0.0
div5801577,0.0849,19890531,0.0849
div5801579,0.01415,19840801,0.01415
div5801581,0.0001698,19890915,0.0001698
div5801582,0.0849,19600501,0.0849
div5801591,0.0,18890809,0.0
div5801595,0.0566,19810601,0.0566
div5801597,0.0003113,19600615,0.0003113
div5801598,0.1415,19810501,0.1415
div5801601,0.0009339,19501231,0.0009339
div5801616,0.007075,19880719,0.007075
div5801621,0.0566,19890815,0.0566
div5801629,0.0,19500601,0.0
div5801630,0.0,19500601,0.0
div5801635,0.0283,19850715,0.0283
div5801639,0.0566,19440601,0.0566
div5801643,0.0566,19550601,0.0566
div5801649,0.0849,19500601,0.0849
div5801653,0.0009339,19890801,0.0009339
div5801655,0.01132,19900701,0.01132
div5801656,0.0283,19640601,0.0283
div5801664,0.0566,19440601,0.0566
div5801669,0.0009339,19820901,0.0009339
div5801670,0.0009339,19861101,0.0009339
div5801672,0.0006226,19800615,0.0006226
div5801682,0.00283,19910407,0.00283
div5801683,0.0012452,19880708,0.0012452
div5801685,0.0283,19890901,0.0283
div5801688,0.01415,18970601,0.01415
div5801690,0.0283,19911018,0.0283
div5801693,0.1132,18880918,0.1132
div5801694,0.0,19020502,0.0
div5801695,0.00566,19890430,0.00566
div5801702,0.0292339,19900930,0.0292339
div5801703,0.04811,18980801,0.04811
div5801710,0.0,18850602,0.0
div5801712,0.0283,19500601,0.0283
div5801724,0.00448555,19120612,0.00448555
div5801743,0.0009339,19801001,0.0009339
div5801746,0.01415,19930730,0.01415
div5801749,0.009339,19930914,0.009339
div5801766,0.00283,19450802,0.00283
div5801767,0.00283,19450802,0.00283
div5801773,0.0,18900515,0.0
div5801776,0.01415,19860624,0.01415
div5801777,0.01415,19860624,0.01415
div5801778,0.0283,19500601,0.0283
div5801781,0.0009339,19940601,0.0009339
div5801782,0.0188761,19941216,0.0188761
div5801783,0.0,18920515,0.0
div5801784,0.0,18890410,0.0
div5801786,0.0849,19930901,0.0849
div5801787,0.004245,19920601,0.004245
div5801795,0.0283,19800501,0.0283
div5801797,0.0566,18880501,0.0566
div5801798,0.0849,18880501,0.0849
div5801799,0.2547,18880501,0.2547
div5801800,0.0009339,19801106,0.0009339
div5801801,0.00566,19801106,0.00566
div5801802,0.0009339,19801106,0.0009339
div5801805,0.0009339,19800801,0.0009339
div5801820,0.0065939,19940708,0.0065939
div5801827,0.001415,20030731,0.001415
div5801832,0.00566,19050705,0.00566
div5801834,0.0009339,19911209,0.0009339
div5801837,0.1132,19400515,0.1132
div5801838,0.1132,19400515,0.1132
div5801839,0.0,19991018,0.0
div5801868,0.0,18920620,0.0
div5801869,0.0,19941230,0.0
div5801878,0.004811,19720601,0.004811
div5801884,0.0012735,19960715,0.0012735
div5801885,0.0012735,19960715,0.0012735
div5801886,0.0012735,19960715,0.0012735
div5801887,0.0015565,19980711,0.0015565
div5801888,0.0283,19780501,0.0283
div5801889,0.0009339,19900801,0.0009339
div5801890,0.006226,19950615,0.006226
div5801894,0.000566,19980501,0.000566
div5801895,0.0015565,19981113,0.0015565
div5801897,0.0,19030512,0.0
div5801898,0.0,19030512,0.0
div5801899,0.0283,19911130,0.0283
div5801900,0.0009339,19880618,0.0009339
div5801901,0.0283,19760501,0.0283
div5801904,0.0283,19980709,0.0283
div5801909,0.0001981,19760615,0.0001981
div5801910,0.0001981,19760615,0.0001981
div5801912,0.0006226,19990607,0.0006226
div5801914,0.007075,19990610,0.007075
div5801918,0.000283,19961130,0.000283
div5801922,0.161876,18881029,0.161876
div5801924,0.0009339,19750701,0.0009339
div5801925,0.0003113,19990801,0.0003113
div5801926,0.0009339,19970701,0.0009339
div5801927,0.0073014,19980607,0.0073014
div5801930,0.0566,19990227,0.0566
div5801932,0.0009339,19971030,0.0009339
div5801933,0.0283,20000501,0.0283
div5801935,0.0009339,19860501,0.0009339
div5801936,0.007075,19960720,0.007075
div5801937,0.0,19960720,0.0
div5801938,0.000849,19990806,0.000849
div5801939,0.0009339,19950531,0.0009339
div5801940,0.0009339,19950531,0.0009339
div5801942,0.0009339,19330501,0.0009339
div5801943,0.0009339,19330501,0.0009339
div5801944,0.04528,19330501,0.04528
div5801945,0.0003113,19330501,0.0003113
div5801946,0.018395,20001023,0.018395
div5801947,0.0,20000901,0.0
div5801948,0.00283,20000731,0.00283
div5801949,0.00283,20000731,0.00283
div5801950,0.00283,20000731,0.00283
div5801951,0.0009339,20000901,0.0009339
div5801955,0.0006226,20000801,0.0006226
div5801956,0.01415,19750601,0.01415
div5801957,0.01415,19940501,0.01415
div5801958,0.000566,20000731,0.000566
div5801959,0.0009339,19991019,0.0009339
div5801962,0.0,18860502,0.0
div5801963,0.0009339,20010817,0.0009339
div5801967,0.0,18860515,0.0
div5801970,0.06226,19091110,0.06226
div5801971,0.0,18830720,0.0
div5801972,0.0,18880415,0.0
div5801973,0.0,18880415,0.0
div5801974,0.0,19010601,0.0
div5801975,0.0,19010601,0.0
div5801976,0.0,19530515,0.0
div5801977,0.0,18880924,0.0
div5801978,0.0,19500610,0.0
div5801979,0.0,19941230,0.0
div5801980,0.0,19101231,0.0
div5801981,0.01415,18920530,0.01415
div5801982,0.012735,20020531,0.012735
div5801983,0.0,19450714,0.0
div5801984,0.0,19450714,0.0
div5801985,0.0,19020502,0.0
div5801986,0.0,19030512,0.0
div5801987,0.0,18900515,0.0
div5801988,0.0,18900515,0.0
div5801989,0.0,18900515,0.0
div5801990,0.0,18900528,0.0
div5801991,0.0,19770531,0.0
div5801992,0.0,19770531,0.0
div5801993,0.0,19000630,0.0
div5801994,0.0,19000630,0.0
div5801995,0.0,19000630,0.0
div5801996,0.0,19450415,0.0
div5801997,0.07075,18951031,0.07075
div5801998,0.0,18951031,0.0
div5801999,0.0,19001125,0.0
div5802000,0.0,19001125,0.0
div5802002,0.07075,19080623,0.07075
div5802004,0.0283,19740707,0.0283
div5802008,0.0004528,19770624,0.0004528
div5802014,0.000566,19220910,0.000566
div5802015,0.000566,19220910,0.000566
div5802020,0.0,19541024,0.0
div5802023,0.000849,19761230,0.000849
div5802024,0.000849,19761230,0.000849
div5802025,0.000849,19761230,0.000849
div5802026,0.000849,19761230,0.000849
div5802067,5.66e-05,18900701,5.66e-05
div5802068,2.83e-05,18900701,2.83e-05
div5802070,0.000566,18900701,0.000566
div5802071,0.000566,18900701,0.000566
div5802084,0.0009339,19150701,0.0009339
div5802092,0.04245,19390630,0.04245
div5802093,0.07075,19390630,0.07075
div5802094,0.0,19120501,0.0
div5802095,0.007641,19731219,0.007641
div5802096,0.0,19590629,0.0
div5802102,0.4245,19390701,0.4245
div5802103,0.0,18860515,0.0
div5802108,0.0,19640804,0.0
div5802115,0.0,18860515,0.0
div5802116,0.0,18860515,0.0
div5802117,0.30847,18880918,0.30847
div5802119,0.00044148,19750402,0.00044148
div5802120,1.29331,19610930,1.29331
div5802121,0.00283,19730630,0.00283
div5802122,0.0,18950620,0.0
div5802123,0.0,18900501,0.0
div5802125,0.0,19050601,0.0
div5802126,0.0,18880614,0.0
div5802127,0.0,19580602,0.0
div5802130,0.0,19900930,0.0
div5802132,0.0,18890618,0.0
div5802133,0.0,18890618,0.0
div5802134,0.0,19590629,0.0
div5802138,0.0,20011025,0.0
div5802144,0.0009339,19890531,0.0009339
div5802145,0.0,20020327,0.0
div5802147,0.0009339,20010701,0.0009339
div5802149,0.0001981,19800816,0.0001981
div5802150,0.046695,19391005,0.046695
div5802151,0.0,19391005,0.0
div5802152,0.0009339,20020710,0.0009339
div5802153,0.0009339,19790717,0.0009339
div5802154,0.01415,20020710,0.01415
div5802155,0.0006792,19940715,0.0006792
div5802156,0.047261,18900520,0.047261
div5802157,0.0003679,19770915,0.0003679
div5802159,0.0009339,19580930,0.0009339
div5802160,0.020376,18980612,0.020376
div5802162,0.0012735,19770901,0.0012735
div5802168,0.000283,19991018,0.000283
div5802169,0.00015565,20021230,0.00015565
div5802170,0.0,20021230,0.0
div5802171,0.0,20020531,0.0
div5802172,0.0,20020531,0.0
div5802173,0.0,20020531,0.0
div5802174,0.0,20021202,0.0
div5802175,0.07075,19590615,0.07075
div5802177,0.0,18850614,0.0
div5802178,0.0,19480930,0.0
div5802179,0.0849,19500501,0.0849
div5802195,0.000566,18900528,0.000566
div5802196,0.01132,19780616,0.01132
div5802198,0.000849,19771110,0.000849
div5802199,0.0009339,19791010,0.0009339
div5802205,0.0009339,19870921,0.0009339
div5802215,0.0009339,19780615,0.0009339
div5802222,0.0008773,19790626,0.0008773
div5802231,0.000283,19730402,0.000283
div5802233,0.00566,19800306,0.00566
div5802246,0.000566,19790701,0.000566
div5802247,0.01415,19510730,0.01415
div5802249,0.01415,19481215,0.01415
div5802255,0.0004245,19740801,0.0004245
div5802256,0.0009339,19780720,0.0009339
div5802257,0.0009339,19540630,0.0009339
div5802260,0.0009339,19690601,0.0009339
div5802262,0.005094,19310612,0.005094
div5802263,0.0008773,19790731,0.0008773
div5802264,0.0063109,19791018,0.0063109
div5802268,0.04245,19600601,0.04245
div5802269,0.003396,19640601,0.003396
div5802270,0.0009339,19600712,0.0009339
div5802275,0.0009339,19800821,0.0009339
div5802292,0.0009339,19751110,0.0009339
div5802307,0.0006226,19700615,0.0006226
div5802308,0.0009339,19600701,0.0009339
div5802321,0.0003113,19790701,0.0003113
div5802322,0.0003113,19790701,0.0003113
div5802323,0.0018678,19790701,0.0018678
div5802331,0.0009339,19800510,0.0009339
div5802336,0.061128,19990831,0.061128
div5802338,0.0001132,19500601,0.0001132
div5802340,0.0,19540601,0.0
div5802341,0.0283,19540601,0.0283
div5802342,0.0009339,19540601,0.0009339
div5802345,0.0006226,19800907,0.0006226
div5802353,0.0283,19580820,0.0283
div5802357,0.0,19540601,0.0
div5802358,0.0009339,19801215,0.0009339
div5802359,0.0009339,19801215,0.0009339
div5802360,0.0009339,19801215,0.0009339
div5802362,0.0009339,20010928,0.0009339
div5802365,0.0,20080801,0.0
div5802374,0.2264,19810112,0.2264
div5802381,0.01132,19810624,0.01132
div5802383,0.0,19990831,0.0
div5802400,0.00283,19810819,0.00283
div5802413,0.0283,19700501,0.0283
div5802414,0.0009339,19810801,0.0009339
div5802415,0.004245,19811116,0.004245
div5802416,0.004245,19811116,0.004245
div5802417,0.0003113,19780527,0.0003113
div5802422,0.05943,19260515,0.05943
div5802423,0.02547,19260515,0.02547
div5802424,0.0009339,19820513,0.0009339
div5802425,0.0009339,19820513,0.0009339
div5802430,0.0009339,19820205,0.0009339
div5802431,0.0,20030806,0.0
div5802435,0.0283,18880501,0.0283
div5802449,0.0009339,19700810,0.0009339
div5802467,0.0006226,19710601,0.0006226
div5802476,0.0037356,19381231,0.0037356
div5802477,0.0009339,19361231,0.0009339
div5802481,0.0009339,19800821,0.0009339
div5802493,0.0031413,19510501,0.0031413
div5802502,0.015565,19800612,0.015565
div5802505,0.0566,19170525,0.0566
div5802521,0.0009339,19820901,0.0009339
div5802522,0.0009339,19820901,0.0009339
div5802523,0.0009339,19830301,0.0009339
div5802526,0.0009339,19830613,0.0009339
div5802533,0.0009339,19811025,0.0009339
div5802534,0.0009339,19830726,0.0009339
div5802535,0.0018678,19770901,0.0018678
div5802536,0.0018678,19760601,0.0018678
div5802539,0.0,20000830,0.0
div5802540,0.0006226,20030605,0.0006226
div5802541,0.003113,20030829,0.003113
div5802545,0.0009339,19380801,0.0009339
div5802555,0.0283,19220701,0.0283
div5802556,0.0006226,19831020,0.0006226
div5802559,0.00283,19800818,0.00283
div5802564,0.04245,18930521,0.04245
div5802568,0.0283,20031002,0.0283
div5802574,0.0047261,20020710,0.0047261
div5802576,0.0009339,19980616,0.0009339
div5802578,0.146028,18900501,0.146028
div5802580,0.0018395,20030825,0.0018395
div5802581,0.0004245,19950701,0.0004245
div5802582,0.0,19950701,0.0
div5802584,0.0,20010430,0.0
div5802585,0.0,20010430,0.0
div5802586,0.0,20010430,0.0
div5802587,0.0,20010430,0.0
div5802588,0.0,20010430,0.0
div5802596,0.0009339,20040630,0.0009339
div5802604,0.026885,19400501,0.026885
div5802605,0.0243097,20030614,0.0243097
div5802606,0.0009339,20031006,0.0009339
div5802607,0.0009339,20031006,0.0009339
div5802608,0.0009339,20031006,0.0009339
div5802609,0.0283,20050912,0.0283
div5802610,0.026885,19300501,0.026885
div5802611,0.04245,19300501,0.04245
div5802620,0.000566,19740430,0.000566
div5802622,0.000849,19740430,0.000849
div5802625,0.001415,19740430,0.001415
div5802627,0.0,20000106,0.0
div5802636,0.000849,19740430,0.000849
div5802651,0.0566,19950715,0.0566
div5802652,0.0283,19920515,0.0283
div5802653,0.0283,19950715,0.0283
div5802655,0.0,20000106,0.0
div5802656,0.0,20000106,0.0
div5802661,0.04245,19750601,0.04245
div5802662,0.0009339,19840801,0.0009339
div5802665,0.0283,20050912,0.0283
div5802666,0.0283,20050912,0.0283
div5802667,0.0283,20050912,0.0283
div5802668,0.0283,20050912,0.0283
div5802669,0.01415,20050912,0.01415
div5802764,0.0025187,20040630,0.0025187
div5802770,0.07075,18870720,0.07075
div5802771,0.07075,18870720,0.07075
div5802775,0.0566,19750601,0.0566
div5802776,0.0566,19750601,0.0566
div5802784,0.0015848,19960730,0.0015848
div5802785,0.0,19960730,0.0
div5802786,0.0,20000704,0.0
div5802787,0.0,20000704,0.0
div5802789,0.0283,20060707,0.0283
div5802790,0.0,20060707,0.0
div5802791,0.0283,20031006,0.0283
div5802792,0.01415,20031006,0.01415
div5802793,0.0283,20031006,0.0283
div5802794,0.0283,20031006,0.0283
div5802795,0.1698,19450415,0.1698
div5802796,0.00263756,19760601,0.00263756
div5802797,0.00263756,19760601,0.00263756
div5802798,0.0,20050812,0.0
div5802808,0.0,19580602,0.0
div5802809,0.0,19580602,0.0
div5802810,0.0,19580602,0.0
div5802811,0.0,19580602,0.0
div5802812,0.0,19580602,0.0
div5802813,1.298687,19580602,1.298687
div5802814,0.0,19580602,0.0
div5802815,0.0,19580602,0.0
div5802816,0.0,19580602,0.0
div5802817,0.0,19580602,0.0
div5802818,0.0,19580602,0.0
div5802819,0.0,19580602,0.0
div5802820,0.0,19580602,0.0
div5802821,0.0,19580602,0.0
div5802822,0.0,19580602,0.0
div5802823,0.0,19580602,0.0
div5802824,0.0,19630520,0.0
div5802825,0.0,19630520,0.0
div5802826,0.0,19630520,0.0
div5802827,0.0,19630520,0.0
div5802828,0.0,19630520,0.0
div5802829,0.0,19630520,0.0
div5802830,0.0,19630520,0.0
div5802831,0.0,19630520,0.0
div5802832,0.0,19630520,0.0
div5802833,0.0,19630520,0.0
div5802834,0.0,19630520,0.0
div5802835,0.0,19630520,0.0
div5802836,0.0,19630520,0.0
div5802839,0.0283,19051101,0.0283
div5802842,0.0009339,19761230,0.0009339
div5802844,0.0009339,20050912,0.0009339
div5802849,0.0,19940701,0.0
div5802850,0.0,20060803,0.0
div5802851,0.0009339,20070301,0.0009339
div5802852,0.0009339,20070301,0.0009339
div5802861,0.0009339,20060802,0.0009339
div5802865,0.0,20080401,0.0
div5802866,0.002264,20071015,0.002264
div5802868,0.0,20081001,0.0
div5802872,0.0,20070927,0.0
div5802873,0.0,20070927,0.0
div5802880,0.301112,19110414,0.301112
div5802881,0.05943,19110414,0.05943
div5802882,0.0,19110414,0.0
div5802883,0.0,19110414,0.0
div5802884,0.0,19110414,0.0
div5802887,0.0,20080919,0.0
div5802888,0.0,20091104,0.0
div5802889,0.0,20091104,0.0
div5802890,0.0,20091104,0.0
div5802907,0.0,20071004,0.0
div5802908,0.0,20071004,0.0
div5802911,0.0,20070806,0.0
div5802912,0.0,20070806,0.0
div5802914,0.0,20070806,0.0
div5802915,0.0489024,20051201,0.0489024
div5802917,0.0,20091230,0.0
div5802919,0.0003113,19700612,0.0003113
div5802926,0.0283,19940614,0.0283
div5802928,0.0,20091230,0.0
div5802929,0.0,20091230,0.0
div5802938,0.0009339,20070301,0.0009339
div5802939,0.0,20070301,0.0
div5802940,0.0,20070301,0.0
div5802941,0.0,20070301,0.0
div5802942,0.0,20070301,0.0
div5802943,0.0,20070601,0.0
div5802944,0.0,20070601,0.0
div5802945,0.0,20070301,0.0
div5802955,0.0566,19730716,0.0566
div5802956,0.0849,18870418,0.0849
div5802957,0.0009339,20090601,0.0009339
div5802958,0.0,20100701,0.0
div5802960,0.0566,20091116,0.0566
div5802961,0.00063109,20020715,0.00063109
div5802985,0.0,19980531,0.0
div5802988,0.00012735,20091029,0.00012735
div5802989,0.00283,19880501,0.00283
div5802994,0.0566,19990601,0.0566
div5802996,0.0,18900528,0.0
div5802997,0.0,18900528,0.0
div5802998,0.0,19110912,0.0
div5802999,0.0,19110912,0.0
div5803000,0.0,18840612,0.0
div5803002,0.0,20131228,0.0
div5803003,0.0009339,20100909,0.0009339
div5803004,0.0009339,20100909,0.0009339
div5803005,0.0009339,20110721,0.0009339
div5803006,0.0009339,20110726,0.0009339
div5803007,0.0009339,20110721,0.0009339
div5803008,0.0009339,20110721,0.0009339
div5803009,0.0009339,20110721,0.0009339
div5803010,0.0009339,20110726,0.0009339
div5803015,0.00189044,20110805,0.00189044
div5803022,0.0,20090515,0.0
div5803023,0.0,20090515,0.0
div5803024,0.0,20131230,0.0
div5803028,0.0283,20070630,0.0283
div5803029,0.007075,20100831,0.007075
div5803500,32.1002041845,19531020,32.1002041845
div5803502,0.736955684396,18991031,0.736955684396
div5803503,0.365253340055,19070719,0.365253340055
div5803504,0.493662717419,19110617,0.493662717419
div5803505,1.24442954374,19060709,1.24442954374
div5803506,3.51699016889,19260830,3.51699016889
div5803508,16.7706927149,19420215,16.7706927149
div5803510,0.108862616587,19060606,0.108862616587
div5803511,16.4877640534,19021007,16.4877640534
div5803513,4.03861759516,18920717,4.03861759516
div5803515,0.0336717922864,19110630,0.0336717922864
div5803516,0.0931681371313,19110630,0.0931681371313
div5803517,0.0935961683892,19110630,0.0935961683892
div5803518,0.442298966473,19590530,0.442298966473
div5803519,1.96038316108,18921115,1.96038316108
div5803520,0.293914797076,19021115,0.293914797076
div5803522,5.64430552054,19130424,5.64430552054
div5803524,0.442298966473,19131122,0.442298966473
div5803525,2.72798588354,19031228,2.72798588354
div5803526,0.251111671288,18890618,0.251111671288
div5803528,0.297481724225,19500905,0.297481724225
div5803530,0.406629694984,19220612,0.406629694984
div5803531,0.221149483237,19070731,0.221149483237
div5803532,1.74636753214,19390701,1.74636753214
div5803533,0.510355936476,18921024,0.510355936476
div5803539,15.7759480716,19040102,15.7759480716
div5803540,91.1991933451,19350109,91.1991933451
div5803541,0.0654887824553,19030512,0.0654887824553
div5803542,0.392932694732,19030512,0.392932694732
div5803544,2.13016889337,18890618,2.13016889337
div5803547,6.11485455004,19110414,6.11485455004
div5803548,0.0372387194353,19100901,0.0372387194353
div5803549,0.00356692714898,19010531,0.00356692714898
div5803551,0.156944794555,19440216,0.156944794555
div5803560,0.171212503151,19851019,0.171212503151
div5803564,0.71923519032,19060806,0.71923519032
div5803569,0.456566675069,19810415,0.456566675069
div5803570,0.00156944794555,19481231,0.00156944794555
div5803572,0.00713385429796,19870921,0.00713385429796
div5803573,0.171212503151,19800816,0.171212503151
div5803584,0.0,20101015,0.0
div5803588,0.0713385429796,19870715,0.0713385429796
div5803590,0.0499369800857,19890929,0.0499369800857
div5803594,0.0142677085959,19810923,0.0142677085959
div5803596,0.185908243005,19710601,0.185908243005
div5803598,0.0428031257877,19890901,0.0428031257877
div5803599,0.0259672296446,19880719,0.0259672296446
div5803602,0.062777917822,19730801,0.062777917822
div5803609,0.142677085959,19910410,0.142677085959
div5803626,0.0214015628939,19450802,0.0214015628939
div5803630,0.998739601714,19700102,0.998739601714
div5803631,168.358961432,19720720,168.358961432
div5803632,0.776020670532,18900422,0.776020670532
div5803634,0.0,19951115,0.0
div5803635,0.142677085959,19360715,0.142677085959
div5803636,0.0,19951115,0.0
div5803637,0.117851273002,19950801,0.117851273002
div5803644,0.00542172926645,19920601,0.00542172926645
div5803662,0.0356692714898,19961101,0.0356692714898
div5803676,0.0,19970610,0.0
div5803677,0.0,19970610,0.0
div5803678,0.428031257877,19780501,0.428031257877
div5803679,1.7406604487,19971103,1.7406604487
div5803680,0.0713385429796,19971103,0.0713385429796
div5803685,0.00499369800857,19910215,0.00499369800857
div5803687,0.00856062515755,19910215,0.00856062515755
div5803688,0.0,19980828,0.0
div5803691,0.0,20000901,0.0
div5803695,0.0713385429796,19750601,0.0713385429796
div5803696,0.0142677085959,19990601,0.0142677085959
div5803697,0.00713385429796,19810701,0.00713385429796
div5803698,0.00356692714898,19750601,0.00356692714898
div5803699,0.114141668767,19990806,0.114141668767
div5803700,0.000520771363751,19991019,0.000520771363751
div5803709,0.0,18900520,0.0
div5803710,0.0,18900520,0.0
div5803712,0.0,18900520,0.0
div5803714,0.0,19580602,0.0
div5803715,0.0,20011025,0.0
div5803718,0.0,20000708,0.0
div5803720,0.0,20000708,0.0
div5803721,0.0,20000708,0.0
div5803722,0.0,20020531,0.0
div5803723,0.0,20021202,0.0
div5803724,0.462523443408,20001001,0.462523443408
div5803729,0.0856062515755,19461231,0.0856062515755
div5803732,0.0479395008823,20000309,0.0479395008823
div5803733,0.0786150743635,20010115,0.0786150743635
div5803735,0.0428031257877,20031117,0.0428031257877
div5803736,0.000570708343837,19950701,0.000570708343837
div5803737,0.000428031257877,19950701,0.000428031257877
div5803738,0.00499369800857,20000404,0.00499369800857
div5803739,0.0442298966473,20011215,0.0442298966473
div5803740,0.0296768338795,20011215,0.0296768338795
div5803752,0.413763549282,19980401,0.413763549282
div5803753,0.00176919586589,19720801,0.00176919586589
div5803755,0.0,19440216,0.0
div5803765,0.0499369800857,20041117,0.0499369800857
div5803766,0.00283,19841031,0.00283
div5803767,0.827384421477,19040919,0.827384421477
div5803787,376.153869423,19540608,376.153869423
div5803788,0.0214015628939,19660801,0.0214015628939
div5803800,0.00356692714898,19690510,0.00356692714898
div5803801,0.00399495840686,19180610,0.00399495840686
div5803802,0.00370960423494,19690510,0.00370960423494
div5803804,0.00242551046131,19180610,0.00242551046131
div5803805,0.00470834383665,19180610,0.00470834383665
div5803806,0.00242551046131,19180610,0.00242551046131
div5803807,0.00784723972775,19180610,0.00784723972775
div5803808,0.000998739601714,19180610,0.000998739601714
div5803809,0.0031388958911,19180610,0.0031388958911
div5803810,0.021116208722,19180610,0.021116208722
div5803811,0.0346705318881,19720601,0.0346705318881
div5803812,0.0062777917822,19550801,0.0062777917822
div5803813,0.021116208722,19580801,0.021116208722
div5803818,0.0052362490547,19470701,0.0052362490547
div5803821,0.00356692714898,19220601,0.00356692714898
div5803826,0.62777917822,19721014,0.62777917822
div5803834,0.0192614066045,20010901,0.0192614066045
div5803839,0.0,20051209,0.0
div5803849,0.0,19590629,0.0
div5803857,0.599243761028,20021101,0.599243761028
div5803858,0.0570708343837,20021101,0.0570708343837
div5803859,0.713385429796,20021101,0.713385429796
div5803864,0.0,19960730,0.0
div5803865,0.0,20000704,0.0
div5803868,0.0,19910723,0.0
div5803870,0.0712208343837,20091214,0.0712208343837
div5803871,0.0,20040910,0.0
div5803872,0.156944794555,20030201,0.156944794555
div5803873,0.0556440635241,20030201,0.0556440635241
div5803874,0.0156944794555,20030201,0.0156944794555
div5803875,0.00142677085959,20030201,0.00142677085959
div5803876,0.00570708343837,20030201,0.00570708343837
div5803877,0.0727653138392,20030201,0.0727653138392
div5803884,0.142677085959,20020131,0.142677085959
div5803897,0.0,19940701,0.0
div5803899,0.00142677085959,19930912,0.00142677085959
div5803901,0.103155533148,20060728,0.103155533148
div5803902,0.0,20060728,0.0
div5803903,0.0,20060728,0.0
div5803906,0.0,20051230,0.0
div5803907,0.0,20051230,0.0
div5803908,0.0,20051230,0.0
div5803910,0.0,20081001,0.0
div5803913,0.0,19590629,0.0
div5803914,0.0,19941031,0.0
div5803917,0.0,20080815,0.0
div5803918,0.00570708343837,20060919,0.00570708343837
div5803919,0.00856062515755,20060919,0.00856062515755
div5803929,0.0,20091104,0.0
div5803930,0.0,20091104,0.0
div5803931,0.0,20091104,0.0
div5803936,0.0773309805899,19160501,0.0773309805899
div5803937,0.00841794807159,19440216,0.00841794807159
div5803939,0.770456264179,19940916,0.770456264179
div5803940,0.117137887572,19470930,0.117137887572
div5803941,0.104582304008,19090911,0.104582304008
div5803942,0.0,20071004,0.0
div5803943,0.118707335518,19690801,0.118707335518
div5803944,0.0,20071004,0.0
div5803958,0.0428031257877,19671231,0.0428031257877
div5803959,0.0,20091230,0.0
div5803962,0.0223354628939,19910307,0.0223354628939
div5803971,0.0,20070425,0.0
div5803981,0.0232563650113,19940915,0.0232563650113
div5803983,0.0156944794555,20080531,0.0156944794555
div5803987,0.00285354171918,20121101,0.00285354171918
div5803988,0.128409377363,19950401,0.128409377363
div5803990,0.0,20110601,0.0
div5803991,0.0,20090515,0.0
div5803992,0.0,20090515,0.0
div5803993,0.0,20090430,0.0
div5803994,0.0,20090430,0.0
div5803995,0.0,20090430,0.0
div5803996,0.0,20090430,0.0
div5803998,0.142677085959,20070626,0.142677085959
div5804000,0.00356692714898,20070630,0.00356692714898
div5804001,0.0192614066045,20130314,0.0192614066045
div5804002,0.0,20130314,0.0
div5804213,268.805056718,18881022,268.805056718
div5804220,0.0,19580602,0.0
div5804222,0.0,19640804,0.0
div5804229,0.0,19720721,0.0
div5804233,0.256818754726,19720510,0.256818754726
div5804240,113.726478447,19630226,113.726478447
div5804341,0.0285354171918,19540815,0.0285354171918
div5804346,0.00356692714898,19500915,0.00356692714898
div5804354,0.00856062515755,19490601,0.00856062515755
div5804355,0.0570708343837,19290701,0.0570708343837
div5804361,0.114141668767,19550725,0.114141668767
div5804362,0.442298966473,19470828,0.442298966473
div5804376,0.713385429796,19770630,0.713385429796
div5804414,0.00856062515755,19790801,0.00856062515755
div5804437,0.021116208722,19320101,0.021116208722
div5804442,0.0,18900520,0.0
div5804446,0.00656314595412,19800612,0.00656314595412
div5804448,0.0584976052433,19500501,0.0584976052433
div5804449,0.0142677085959,19560725,0.0142677085959
div5804453,0.0285354171918,19830913,0.0285354171918
div5804630,0.1415,18930723,0.1415
div5804684,1.2169,19110524,1.2169
div5804685,0.872489,19030923,0.872489
div5805000,0.0006226,19120612,0.0006226
div5805006,0.0047261,19710717,0.0047261
div5805010,0.00756742,19660620,0.00756742
div5805011,0.010188,18980612,0.010188
div5805012,0.0071316,19640710,0.0071316
div5805013,0.00163857,19120502,0.00163857
div5805014,0.00157348,19540710,0.00157348
div5805015,0.00094522,19590909,0.00094522
div5805016,0.00189044,19350701,0.00189044
div5805017,0.00100748,19350701,0.00100748
div5805027,0.0010188,19460701,0.0010188
div5805033,0.0,19610515,0.0
div5805037,0.0009339,19790701,0.0009339
div5805041,0.00012735,19811026,0.00012735
div5805043,0.000283,19870604,0.000283
div5805044,0.0009339,19840927,0.0009339
div5805045,0.0006226,19820624,0.0006226
div5805046,0.0,19030731,0.0
div5805051,0.0,19740219,0.0
div5805053,0.0007075,18880906,0.0007075
div5805055,0.0566,19901226,0.0566
div5805059,0.064807,19771201,0.064807
div5805060,0.0009339,19900501,0.0009339
div5805065,0.0097069,19821011,0.0097069
div5805066,0.076127,18890809,0.076127
div5805075,0.000285354171918,19940907,0.000285354171918
div5805076,0.28452555762,19990511,0.28452555762
div5805077,0.0283,18890628,0.0283
div5805082,0.0044148,19970624,0.0044148
div5805083,0.0,19671006,0.0
div5805084,0.00056883,19720521,0.00056883
div5805085,0.0008773,19980828,0.0008773
div5805086,0.0034809,19980828,0.0034809
div5805087,0.0,19980828,0.0
div5805088,0.0,19980828,0.0
div5805089,0.0,19980828,0.0
div5805090,0.0013867,19970725,0.0013867
div5805091,0.0004528,19991011,0.0004528
div5805092,0.02207117,20000824,0.02207117
div5805093,0.00081787,20000330,0.00081787
div5805094,0.01415,19940615,0.01415
div5805095,0.0009339,19810320,0.0009339
div5805097,0.0006226,19400101,0.0006226
div5805098,0.0009339,19840808,0.0009339
div5805099,0.0,18980612,0.0
div5805100,0.0,18980612,0.0
div5805108,0.0,20021230,0.0
div5805111,0.0,20000106,0.0
div5805112,0.0,20000106,0.0
div5805113,0.0,20000106,0.0
div5805114,0.0,20000106,0.0
div5805115,0.0,20000106,0.0
div5805116,0.0,20000106,0.0
div5805117,0.0,20000106,0.0
div5805118,0.0,20000106,0.0
div5805119,0.0,20000106,0.0
div5805120,0.0,20000106,0.0
div5805121,0.0,20000106,0.0
div5805122,0.0,20000106,0.0
div5805123,0.0,20000106,0.0
div5805124,0.0,20000106,0.0
div5805125,0.0,20000106,0.0
div5805126,0.0,20000106,0.0
div5805127,0.0,20000106,0.0
div5805128,0.0,20031126,0.0
div5805132,0.00044148,20040415,0.00044148
div5805144,0.0,19970624,0.0
div5805145,0.0,19970624,0.0
div5805146,0.0,19970624,0.0
div5805147,0.0,19970624,0.0
div5805148,0.0,19970624,0.0
div5805149,0.0,20050812,0.0
div5805150,0.0,20050812,0.0
div5805151,0.0142677085959,20050801,0.0142677085959
div5805152,0.0570708343837,20050801,0.0570708343837
div5805153,0.0031413,20050801,0.0031413
div5805154,0.0020659,20060728,0.0020659
div5805155,0.0,20050812,0.0
div5805156,0.0,20050812,0.0
div5805157,0.0,20060728,0.0
div5805158,0.0,20060728,0.0
div5805174,0.0,19890831,0.0
div5805175,0.0145818385959,19500101,0.0145818385959
div5805186,0.0457993445929,19990908,0.0457993445929
div5805187,0.00794711368793,20070601,0.00794711368793
div5805189,0.00192614066045,20070601,0.00192614066045
div5805191,0.471833123267,20070601,0.471833123267
div5805192,0.0,20051102,0.0
div5805193,0.0,20060202,0.0
div5805195,0.0,19980828,0.0
div5806008,0.0009339,19521231,0.0009339
div5806009,0.0009339,19401231,0.0009339
div5806010,0.0009339,19501231,0.0009339
div5806011,0.0009339,19471231,0.0009339
div5806012,0.0009339,19760421,0.0009339
div5806014,0.0001981,19700828,0.0001981
div5806019,0.0009339,19720228,0.0009339
div5806033,0.0002547,19721103,0.0002547
div5806034,0.0009339,19571009,0.0009339
div5806036,0.0009339,19691114,0.0009339
div5806042,0.0009339,19551001,0.0009339
div5806046,0.0,19740219,0.0
div5806047,0.0,19740219,0.0
div5806048,0.0,19740219,0.0
div5806051,0.0,19740219,0.0
div5806052,0.0,19740219,0.0
div5806053,0.0,19740219,0.0
div5806054,0.0,19740219,0.0
div5806056,0.0,19740219,0.0
div5806057,0.0,19740219,0.0
div5806060,0.0009339,19760920,0.0009339
div5806065,0.0,19710620,0.0
div5806066,0.0,19710620,0.0
div5806073,0.0009339,19760208,0.0009339
div5806077,0.088296,19671006,0.088296
div5806078,0.0009339,19480901,0.0009339
div5806082,0.0063109,19721102,0.0063109
div5806087,0.0,18860515,0.0
div5806088,0.00173196,18860515,0.00173196
div5806090,0.0006226,19580130,0.0006226
div5806092,0.0009339,19770720,0.0009339
div5806099,0.0003679,19790630,0.0003679
div5806105,0.0009339,19481231,0.0009339
div5806112,0.0015848,19391001,0.0015848
div5806113,0.001132,19391001,0.001132
div5806114,0.0018961,19391001,0.0018961
div5806115,0.0,19391001,0.0
div5806116,0.0018961,19391001,0.0018961
div5806123,0.0009339,19320101,0.0009339
div5806130,0.0009339,19810602,0.0009339
div5806131,0.0018678,19730622,0.0018678
div5806136,0.0018961,19720731,0.0018961
div5806137,0.0018961,19780731,0.0018961
div5806138,0.0018961,19570731,0.0018961
div5806139,0.0006226,19840522,0.0006226
div5807001,0.0006226,19120612,0.0006226
div5807020,0.00283,18891019,0.00283
div5807024,0.018961,18910601,0.018961
