Name,CalYear,Region,SubRegion,CropType,IrrigType,LandSize,DecreedRate,ParcelRatioToDiv,ElementIDs
par65801552,2010,Div6,Dist58,1,1,4254047.24,5800920=1.34131427187,5800920=0.627765086406,41295; 41454; 41451; 41450; 41449; 41448; 41447; 41446; 41444; 41443; 41442; 41440; 41307; 41301; 41298; 41297; 41296; 17419; 41294; 41292; 41291; 41290; 41289; 41288; 41287; 41286; 41266; 41265; 41264; 41453; 41455; 41261; 41458; 77780; 71772; 71770; 71769; 41569; 41502; 41501; 41498; 41497; 41490; 41483; 41482; 41481; 41479; 41476; 41475; 41474; 41473; 41472; 41471; 41470; 41469; 41468; 41466; 41465; 41463; 41461; 41262; 77781; 40038; 40039; 39852; 40037; 40036; 40009; 40016; 40033; 40018; 40032; 40031; 40019; 40029; 40028; 41259; 40026; 40025; 40023; 40024; 39840; 40043; 40044; 41258; 40046; 39847; 40042; 39843; 39842; 41460; 41257; 40041; 40045; 39855; 39835; 39834; 40010; 39841; 40049; 40048; 41256; 16987; 40006; 41260; 39836; 75922; 40021; 41485; 75921; 40034; 41389; 41459; 71761; 41457; 40035; 39996; 41478; 41267; 41505; 41445; 41480; 71771; 40027; 41456; 41441; 40112; 40020; 40030; 39844
par65800153,2010,Div6,Dist58,1,1,2378003.501,5800863=0.3396,5800863=1.0,76824; 7120; 69786; 6755; 6756; 69779; 63181; 8368; 8218; 6142; 6762; 7155; 6761; 6758; 8225; 6736; 6752; 6735; 6725; 6754; 7123; 7124; 6785; 6451; 6415; 6553; 69785; 6636; 7131; 69780; 6589; 6767; 7127; 6786; 6734; 6765; 6419; 7125; 63154; 6459; 1054
par65800378,2010,Div6,Dist58,1,1,1872819.127,5800643=0.379996910928,5800643=0.744315558923,2822; 10822; 10961; 36480; 10879; 10857; 10974; 10854; 10851; 10855; 9214; 75336; 9221; 9213; 69953; 74584; 42901; 10972; 70025; 10828; 10858; 10824; 10966; 10951; 10825; 10950; 11003; 10956; 11077; 10973; 70026; 10946; 76829; 10818
par65800163,2010,Div6,Dist58,1,1,1701732.513,5804685=0.28033283689,5804685=0.321302431194,11120; 11143; 11115; 11114; 11111; 11125; 10723; 33810; 11095; 11091; 33813; 11090; 33818; 11116; 11110; 10719; 10720; 33802; 11238; 10725; 11085; 11084; 11230; 11122; 11121; 11222; 11220; 10722; 11118; 70046; 11217; 11233; 11214; 10727; 11215; 33821; 11088; 11225; 11227; 33836; 10716; 11270; 10718; 71334; 11226
par65800392,2010,Div6,Dist58,1,1,1581490.961,5800564=0.324413905785,5800564=0.504328592037,76828; 75319; 9097; 9177; 9036; 9195; 9166; 69948; 9170; 75320; 75321; 9073; 9040; 75322; 69947; 9077; 8621; 69939; 9194; 8634; 9067; 9043; 9175; 9172; 76827; 8604; 69940; 8600; 8627; 8611
par65800278,2010,Div6,Dist58,1,1,1115910.209,5800879=0.541416172944,5800879=0.908548868861,1552; 10182; 10175; 10177; 10170; 10172; 10181; 10078; 7708; 10070; 10174; 10185; 10130; 10176; 10131; 10152; 10221; 10180; 10132; 1462; 10080; 10053; 10179; 10249; 10173; 10171; 10200; 10161; 10081; 10072; 10048; 10097
par65801430,2010,Div6,Dist58,1,1,1093110.441,5800508=0.20376,5800508=1.0,69748; 5612; 69747; 5637; 5690; 5727; 5640; 56869; 5635; 5641; 5608; 5634; 5695; 5614; 5693; 5797; 5687; 5597; 5744; 5643; 5691; 5733; 5763; 5632; 5610; 5663; 5584; 5688; 5736
par65800533,2010,Div6,Dist58,1,1,1087239.052,5800530=0.692868002877,5800530=0.493608231845,39496; 39494; 39871; 39873; 39588; 39522; 39874; 39501; 39500; 39499; 39497; 39870; 39879; 39861; 39491; 39490; 39881; 39329; 39322; 39498; 39985; 39931; 39492; 39878; 39493; 39521; 39875; 39929; 39859; 39948; 39924; 75898; 1081; 39885; 39926; 39502; 39857; 39927; 39883
par65800554,2010,Div6,Dist58,1,3,1087212.267,5800627=0.260799431065,5800627=0.317776813775,41633; 41626; 58951; 41696; 41646; 41617; 41641; 67585; 23223; 41644; 41669; 41663; 46380; 41597; 76638; 41592; 41986; 41629; 67581; 41645; 42042; 77826
par65801599,2010,Div6,Dist58,1,1,1037653.514,5800649=0.319277040267,5800649=0.474028328335,2120; 30104; 29755; 29820; 29750; 29749; 29748; 29747; 29746; 29745; 29744; 29743; 29742; 29740; 29739; 30106; 30107; 30117; 29730; 30153; 30164; 30613; 71025; 29751; 29798; 71026; 29705; 29736; 30159; 73956; 30103; 30105; 30194; 29714; 29738; 29712; 30156
par65801679,2010,Div6,Dist58,1,1,1003409.799,5800688=0.162725,5800688=1.0,18633; 18631; 18729; 18703; 18623; 18663; 18699; 18620; 18621; 70368; 18650; 18733; 18698; 18618; 18514; 18627; 18672; 18680; 18017; 18526; 18705; 18675; 18626; 18702; 22179; 18701
par65801510,2010,Div6,Dist58,1,1,997047.7973,5800626=0.341267703855,5800626=0.567746208326,26170; 70842; 26270; 25982; 25985; 25987; 26264; 74684; 25983; 26287; 25950; 26164; 25954; 25984; 26301; 26286; 26288; 26190; 74683; 26299
par65801553,2010,Div6,Dist58,1,1,988420.0617,5800627=0.237101252045,5800627=0.288901245334,41503; 41535; 40080; 41499; 41515; 41492; 41488; 41487; 41486; 41509; 41532; 41538; 40089; 40087; 40084; 41565; 41566; 41510; 41516; 41462; 41513; 40085; 41541; 41507; 40040; 40086; 41495; 41504; 41533; 40091; 40083; 40081; 41496; 41546; 41534; 41508
par65800267,2010,Div6,Dist58,1,1,975642.9409,5800622=0.3883911794,5800622=0.806349585398,10257; 10141; 10255; 11678; 11674; 10215; 10226; 10284; 10238; 11676; 10235; 10208; 69995; 10212; 10209; 10246; 11703; 10202; 10210; 10228; 11637; 69997; 10219; 13757; 11685; 11686; 10223; 11675; 10134; 10248; 11659
par65800538,2010,Div6,Dist58,1,1,968200.0308,5800920=0.305276468753,5800920=0.14287621686,41588; 41572; 41581; 41576; 41573; 41574; 41570; 41631; 71767; 41598; 41601; 41604; 41577; 41584; 41632; 41571; 41590; 41600; 41579; 71768; 41585; 41603; 41609; 41596; 41591; 41606; 41599; 41575; 41435; 41589
par65800154,2010,Div6,Dist58,1,1,901955.6623,5800591=0.263756,5800591=1.0,6174; 5778; 6454; 6452; 6539; 74549; 6544; 6552; 6574; 6546; 6551; 74550; 6545; 6924; 6575; 6937; 6547; 6555; 6570
par65801578,2010,Div6,Dist58,1,1,879028.4282,5800714=0.26366732028,5800714=0.366950233989,26840; 26838; 26914; 26845; 26843; 26842; 26841; 26839; 26836; 70871; 26837; 27311; 27184; 27196; 27201; 26834; 70872; 27185; 27191; 76894
par65801507,2010,Div6,Dist58,1,1,851561.3112,5800783=0.325835107654,5800783=0.486627558931,25563; 25443; 25560; 25447; 21394; 25559; 25577; 25585; 75619; 25536; 25555; 25444; 25547; 25455; 25935; 25595; 25572; 25440; 25567; 25569
par65801431,2010,Div6,Dist58,1,1,834135.7772,5801074=0.160178;5800807=0.227249,5801074=1.0;5800807=1.0,9851; 8143; 8166; 75306; 69877; 9871; 8036; 9841; 9843; 69981; 8140; 8014; 8015; 9840; 69876
par65800541,2010,Div6,Dist58,3,3,832685.861,5800627=0.199743882033,5800627=0.243382334633,40108; 41537; 41512; 40093; 40114; 40101; 71773; 40088; 41517; 75903; 41539; 71774; 40090; 41522; 41536; 40111; 41545; 41530; 40106; 40082; 41547
par65801591,2010,Div6,Dist58,1,1,827569.1412,5800577=0.284790749033,5800577=0.75663739481,565; 26864; 26913; 26873; 26869; 26865; 26768; 26774; 26867; 26777; 26776; 26770; 2637; 26866; 29754; 26872; 26877; 26758; 26868
par65800515,2010,Div6,Dist58,1,1,797674.8004,5800897=0.436766321768,5800897=0.32767386267,41243; 39774; 39780; 41271; 39830; 39829; 39787; 39768; 41703; 39776; 41205; 39777; 39775; 41194; 39828; 39764; 39822; 39819; 41200; 39772; 41246; 39825; 40118; 41254; 71760
par65800431,2010,Div6,Dist58,1,1,791017.0947,5800826=0.22923;5800564=0.162262669571,5800826=1.0;5800564=0.252250912262,10635; 10628; 70017; 10680; 10633; 10630; 70018; 10658; 10625; 10645; 9203; 10655; 10646; 9202; 10671; 9206; 10663; 9228; 10622; 9124; 9119; 9165; 10763; 10653
par65801573,2010,Div6,Dist58,1,1,783811.5462,5800714=0.235106719374,5800714=0.32720196646,27037; 27030; 27039; 27038; 27007; 27036; 27139; 27044; 27043; 27004; 27034; 27031; 27028; 27047; 27011; 27244; 27041; 27008; 27033; 27009; 70879; 27133
par65801748,2010,Div6,Dist58,1,1,781921.3721,5800539=0.196206231489,5800539=0.24761008517,8523; 8540; 8551; 69901; 69907; 3873; 8518; 3872; 8549; 8536; 3948; 6263; 8575; 8515; 8543; 8521; 8511; 3875; 69916; 8646; 3868; 3867; 7515; 8571
par65800528,2010,Div6,Dist58,1,1,780802.2394,5800897=0.42752776189,5800897=0.320742846128,39654; 39739; 39740; 39741; 39742; 39743; 39744; 39718; 39695; 39745; 39690; 39738; 39648; 39647; 39646; 39749; 39753; 39747; 39688; 39720; 39653; 39751; 39694; 39788; 39793; 39650; 39750; 39737; 39649; 39686; 71672
par65801764,2010,Div6,Dist58,1,1,765222.425,5800916=0.310337642223,5800916=0.748021447805,40455; 40484; 40482; 40480; 40462; 40461; 40457; 40454; 40489; 40492; 40483; 40511; 40408; 40402; 40400; 40451; 40493; 40404; 40413; 40406; 40478; 40501; 40481; 40449; 40490; 40411; 40407; 40487; 38992; 40508
par65800379,2010,Div6,Dist58,1,1,763133.914,5800945=0.179041175996,5800945=0.542585190514,75340; 10993; 10957; 11359; 11001; 10954; 10992; 10948; 10996; 36483; 10997; 10958; 75339; 11006; 11000; 11362; 10998
par65800339,2010,Div6,Dist58,1,1,732820.3148,5800821=0.259767787182,5800821=0.865950353965,70036; 70035; 11072; 11046; 25053; 11373; 11040; 11054; 11074; 11042; 75342; 11015; 11016; 11360
par65801450,2010,Div6,Dist58,1,1,728044.1203,5800944=0.457307893941,5800944=0.432066565202,28001; 50602; 50396; 28034; 27619; 28016; 27621; 28006; 28002; 28000; 27991; 27989; 27623; 28009; 50666; 27620; 27984; 28019; 28109; 50592; 28111; 27611; 27612; 27616; 27978; 28037; 27625; 28114
par65801610,2010,Div6,Dist58,1,1,726911.9089,5800663=0.22074,5800663=1.0,29958; 29962; 29959; 29982; 29967; 29963; 29956; 29875; 29884; 29952; 29844; 29848; 29867; 29984; 29987; 29960; 29882
par65800426,2010,Div6,Dist58,1,1,703608.6717,5800634=0.4245,5800634=1.0,4214; 8555; 8530; 8531; 4120; 8559; 8524; 73818; 8529; 4138; 77666; 4133
par65800402,2010,Div6,Dist58,1,1,697498.5571,5800539=0.175022154709,5800539=0.220876015533,3871; 3870; 3858; 3854; 3853; 3863; 3850; 3830; 3876; 3881; 7843; 3861; 3855; 3827; 8462; 3862; 3878; 3877; 3859; 3852
par65800548,2010,Div6,Dist58,1,1,696668.7564,5800920=0.219661816855,5800920=0.102806644446,39912; 39911; 39989; 39988; 39993; 39994; 39913; 39991; 39990; 39997; 39909; 39906; 39999; 39986; 39992; 40014; 71676; 39907; 39987; 39995; 40012; 39910; 39903
par65801663,2010,Div6,Dist58,1,1,690992.2171,5800917=0.185931,5800917=1.0,20459; 20501; 20471; 20499; 20498; 20475; 20508; 20848; 20488; 20495; 20470; 20493; 20861; 20578
par65800385,2010,Div6,Dist58,1,1,689348.7522,5800763=0.277459390196,5800763=0.314843247746,9224; 9216; 10849; 9223; 9217; 10683; 9215; 9209; 69952; 10642; 10679; 10636; 10643; 69951; 10647; 9220; 63248; 9204; 9230; 10880; 11010
par65800318,2010,Div6,Dist58,1,1,673731.8646,5800798=0.114164594311,5800798=0.43237777113,11619; 10929; 11616; 11614; 11613; 11615; 11617; 70055; 75347; 11652; 11620; 11611; 11655; 10926; 11610; 10927; 70056; 10930; 10945
par65800329,2010,Div6,Dist58,1,1,669127.3078,5800798=0.113384347173,5800798=0.429422726087,11029; 11650; 36570; 11033; 69112; 11028; 11075; 11638; 10937; 11802; 11026; 70032; 11640; 11651; 11647; 11036; 11030; 11741; 11646; 11032; 11649; 11035; 11645
par65801676,2010,Div6,Dist58,1,1,652908.6632,5800659=0.029638179687,5800659=0.837828401046,18671; 18676; 18668; 18704; 18670; 18589; 18700; 18290; 18681; 18694; 18677; 18711
par65800384,2010,Div6,Dist58,1,1,643343.6813,5800945=0.150936824004;5800643=0.130535089072,5800945=0.457414809486;5800643=0.255684441077,10852; 10860; 77847; 73830; 10953; 10853; 73829
par65800518,2010,Div6,Dist58,1,1,642256.8019,5800897=0.351667297069,5800897=0.263830281462,39658; 39671; 39301; 39687; 39295; 39679; 39691; 39661; 71669; 39660; 39676; 39663; 5; 39697; 39300
par65801478,2010,Div6,Dist58,1,1,618349.0624,5800868=0.22974382083,5800868=0.343451208405,53083; 53079; 53087; 53076; 53072; 53082; 53075; 51705; 53074; 53093; 53085; 53080; 53084; 53073; 51660; 51658; 53078; 51728; 76675
par65800387,2010,Div6,Dist58,1,1,613652.369,5800500=0.138253313593,5800500=0.396532150867,9218; 10819; 10830; 63178; 74587; 12665; 69954; 10639; 9219; 9190; 74583; 10848; 9211; 74588
par65801601,2010,Div6,Dist58,1,1,611221.4754,5800649=0.188067578416,5800649=0.279222582796,30184; 30161; 30213; 30154; 30160; 30158; 30152; 30187; 30163; 77505; 30203; 30197; 30182
par65801438,2010,Div6,Dist58,1,1,591192.7879,5800612=0.181495484579,5800612=0.754502118393,51394; 51396; 52810; 52825; 51392; 52815; 52814; 52813; 51398; 72466; 52811; 68154; 52821; 52819; 52798; 52822; 52861; 52823; 51395; 52812; 52794; 51382
par65801575,2010,Div6,Dist58,1,1,585623.0748,5800662=0.216494992121,5800662=0.425236226881,26798; 26817; 26828; 26827; 26820; 27187; 26916; 27003; 26644; 26643; 27001; 26823; 74688; 26651; 26816; 70868; 26642
par65801577,2010,Div6,Dist58,1,1,582635.9264,5800662=0.215390693644,5800662=0.423067180323,26795; 26786; 26797; 26796; 26792; 75628; 26787; 26789; 26814; 26794; 26793; 26847; 26790; 26835; 26818; 26831; 26821; 26830; 26791
par65800386,2010,Div6,Dist58,1,1,574130.6664,5800500=0.129349239203,5800500=0.370993871331,9171; 9179; 9210; 69943; 9176; 9187; 69944; 9086; 9092; 9186
par65801460,2010,Div6,Dist58,1,1,573628.5254,5800559=0.18961,5800559=1.0,14063; 42895; 8233; 659; 8414; 8266; 8393; 8282; 8248; 8388; 14065; 8415; 14077; 8287
par65800531,2010,Div6,Dist58,1,1,567180.9381,5800530=0.361449051272,5800530=0.257501033905,71674; 39707; 71673; 39898; 39678; 39680; 39681; 39868; 39683; 39863; 39685; 2161; 39674; 39705; 39703; 39717; 39713; 39891; 39704; 39702; 39682; 39326; 39693; 39712
par65801532,2010,Div6,Dist58,1,1,561399.6026,5801021=0.283,5801021=1.0,27859; 27860; 27864; 27863; 27916; 27917; 27913; 46444; 27967; 27857; 27856; 27861; 27941; 27938; 27906
par65800555,2010,Div6,Dist58,1,1,554153.342,5800631=0.0444433062715,5800631=0.590389041573,37202; 37758; 2671; 2657; 37213; 37210; 37760; 74047; 37747; 37746; 37764; 37762; 37194; 37195; 37759; 24860; 37765
par65801448,2010,Div6,Dist58,1,1,550966.3814,5800944=0.346079679081,5800944=0.326977645057,28140; 28139; 28136; 28012; 28141; 28134; 28015; 28135; 28106; 28013; 28137; 28112; 28148; 28007; 28110; 28014; 28104; 28017; 28107; 28138
par65800297,2010,Div6,Dist58,1,1,550353.9559,5800722=0.167201368974,5800722=0.865033028127,6502; 6875; 6929; 6566; 7383; 6876; 6525; 6563; 6872; 6885; 6568; 6562; 6514; 6516; 6517; 6879; 6873; 6508; 6557; 6933
par65800264,2010,Div6,Dist58,1,1,547155.302,5803547=4.8279094498;5800934=0.17826902439,5803547=0.789537904834;5800934=0.822357547308,11679; 8223; 11695; 11693; 69998; 11723; 10262; 11692; 11718; 11687; 11689; 70060; 11682; 70059; 11677; 10211; 11732
par65800401,2010,Div6,Dist58,1,1,542383.9084,5800738=0.13870992076,5800738=0.474483119801,8546; 8547; 8550; 8595; 8603; 8541; 8544; 8517; 69897; 8647; 8652; 69899; 69900; 8702
par65800494,2010,Div6,Dist58,1,1,541187.2447,5804685=0.0891518228842,5804685=0.102181027938,73833; 11231; 73834; 77747; 11241; 70037; 11275
par65801515,2010,Div6,Dist58,1,1,540608.0791,5800940=0.2921808357,5800940=0.869058178071,27738; 27722; 70925; 27725; 27737; 27845; 27742; 27745; 27755; 26298; 27747; 26297; 70917; 26294; 27730
par65800308,2010,Div6,Dist58,1,1,535950.5122,5800569=0.410067,5800569=1.0,8731; 8763; 69917; 7009; 75316; 69918; 8814; 7020; 7021; 8771; 7031; 8836
par65801513,2010,Div6,Dist58,1,1,533658.3483,5800626=0.182659607354,5800626=0.303879618018,25738; 25590; 25582; 70819; 25794; 25774; 25586; 25766; 25793; 25581; 25589; 25601; 25769; 26391; 25743; 25947
par65800323,2010,Div6,Dist58,1,1,527457.6949,5800541=0.123746394367,5800541=0.378585637395,9420; 9470; 63320; 9459; 45982; 70029; 10902; 73832; 69967; 9490; 9463; 31037; 9465; 73831
par65800390,2010,Div6,Dist58,1,1,517556.9879,5800763=0.208314072951,5800763=0.236381544819,9047; 9044; 9069; 9064; 9045; 9071; 9042; 9066; 9046; 9101; 9094; 9068; 9079; 9039; 9070; 9038; 9060; 9062
par65801459,2010,Div6,Dist58,1,1,512800.4965,5800618=0.354316481294,5800618=0.834667800456,25867; 25894; 25928; 70829; 65461; 25507; 25999; 76889; 70830
par65800380,2010,Div6,Dist58,1,1,512019.2228,5800763=0.206085150474,5800763=0.233852305528,70040; 11168; 10982; 10984; 10985; 10987; 10988; 10960; 11173; 10981; 11349; 10989; 10952; 10991; 11009
par65801555,2010,Div6,Dist58,1,1,509139.7643,5800568=0.239793667431,5800568=0.430115455205,26918; 26986; 26646; 26991; 26632; 26639; 26612; 27019; 26648; 26988; 26637; 26631; 26638; 26626; 26634; 26636; 26613
par65800226,2010,Div6,Dist58,1,1,501275.4938,5800653=0.109736685571,5800653=0.517016186434,23605; 23696; 23707; 23701; 23705; 23608; 23709; 23602; 23597; 23699; 23700; 23741; 23704; 23702; 23706
par65800273,2010,Div6,Dist58,1,1,483536.1171,5800933=0.228664,5800933=1.0,10095; 9730; 10105; 9733; 10116; 9754; 10092; 10115; 10103; 10098; 9737; 10099; 10111; 10110; 10090; 9739; 10109
par65801622,2010,Div6,Dist58,1,1,473711.6553,5800928=0.15848,5800928=1.0,1409; 30555; 30552; 30550; 30507; 30579; 71060; 30576; 30551; 30403
par65801652,2010,Div6,Dist58,1,1,468279.2454,5800653=0.102513314429,5800653=0.482983813566,24443; 24440; 24540; 24442; 24449; 24444; 24471; 23698; 70699; 70754; 24451; 24445
par65801604,2010,Div6,Dist58,1,1,454931.5403,5800588=0.149340980957,5800588=0.713117089855,30482; 30495; 30609; 30410; 30485; 16913; 30498; 30494; 71057; 30497; 30501; 30486
par65801644,2010,Div6,Dist58,1,1,452370.4398,5800811=0.1415,5800811=1.0,70758; 24887; 24530; 24899; 24521; 24518; 70757; 24497; 24499
par65800162,2010,Div6,Dist58,1,1,449784.0904,5804685=0.074094635371,5804685=0.0849232888563,34318; 33958; 34323; 34050; 34322; 34324; 34379; 34328; 33964; 34321; 33963; 34348; 61731
par65800294,2010,Div6,Dist58,1,1,446123.8761,5800566=0.1415,5800566=1.0,6330; 5198; 7669; 4997; 73792; 5168; 5174; 8376; 5190; 4988; 5191; 13761
par65800514,2010,Div6,Dist58,1,1,445304.5824,5800922=0.1415,5800922=1.0,41248; 41253; 41201; 41224; 77536; 77535; 41251; 41245; 41241; 41249
par65801608,2010,Div6,Dist58,1,1,445008.9171,5800623=0.234760216889,5800623=0.56934893784,45304; 45014; 29815; 30352; 30355; 30353; 30350; 30358; 30357; 30363
par65800412,2010,Div6,Dist58,1,1,439340.2818,5800782=0.1415,5800782=1.0,3949; 3888; 3836; 3839; 3818; 3896; 3847; 3748; 3834; 3746; 3887; 3733
par65801626,2010,Div6,Dist58,1,1,435215.0079,5801997=0.0455288151347,5801997=0.643516821693,30079; 30024; 30029; 30028; 30080; 30049; 71038; 30017; 30055
par65801675,2010,Div6,Dist58,1,1,432915.0007,5800657=0.12735,5800657=1.0,380; 18778; 1123; 18773; 18777; 18590; 18767; 18748; 18592; 18601; 18764; 18594; 18775; 69133; 18593
par65800439,2010,Div6,Dist58,1,1,430950.7393,5801406=0.11037,5801406=1.0,34019; 34394; 34383; 34387; 34026; 34014; 34018; 34382; 34393; 34016; 34424; 33992; 34027; 33976; 34385
par65800291,2010,Div6,Dist58,1,1,429935.1928,5800866=0.136631924489,5800866=0.603497899686,7380; 74554; 74553; 7262; 7279; 7280; 7257; 7281
par65800296,2010,Div6,Dist58,1,1,420734.7466,5801085=0.303176626111,5801085=0.714196999085,6533; 6538; 6588; 6537; 6561; 6435; 6437; 6436; 6521; 6478; 6527; 6427
par65800569,2010,Div6,Dist58,1,3,419306.9836,5804685=0.0690740262305,5804685=0.0791689364914,33847; 34051; 33855; 33887; 33898; 33844; 33936; 33917; 33890; 33838; 33938; 33886; 33916; 33949; 33998; 45326; 33918
par65801183,2010,Div6,Dist58,1,3,406933.5981,5800539=0.102111172042,5800539=0.128863165121,69915; 8672; 8570; 8668; 8675; 69908
par65801803,2010,Div6,Dist58,1,1,400538.5372,5800980=0.152537,5800980=1.0,40424; 40437; 40420; 40422; 40425; 40426; 40514; 40436; 40416; 40444; 40518; 40418; 40439; 40443; 40529; 40414; 40429
par65800399,2010,Div6,Dist58,1,1,387949.6367,5800630=0.0990851562908,5800630=0.87531056794,3082; 3129; 3088; 13859; 8451; 73781; 3079; 3069; 3064
par65801531,2010,Div6,Dist58,1,1,387837.9668,5800599=0.2264,5800599=1.0,50408; 27949; 27911; 27919; 27951
par65801505,2010,Div6,Dist58,1,1,378626.0429,5800783=0.144874662372,5800783=0.216367118352,25362; 25446; 25441; 25399; 25435; 25386; 25403; 25360; 25363
par65801649,2010,Div6,Dist58,1,1,378491.1265,5800842=0.032828,5800842=1.0,24881; 24912; 24874; 24880; 24870; 24804; 24905; 24873; 24911; 24935; 24907; 24932; 24882; 25029; 24900
par65801508,2010,Div6,Dist58,1,1,377211.5496,5800908=0.157631,5800908=1.0,25969; 25973; 26086; 26062; 25968; 25988; 25966; 26063; 25970; 25990; 26078
par65801632,2010,Div6,Dist58,1,1,376968.3526,5800895=0.272155880992,5800895=0.739755044828,72792; 68345; 56509; 56542; 72793; 56508; 56517; 56507; 56504; 68346
par65801561,2010,Div6,Dist58,1,1,370897.8529,5802122=0.0,5802122=0.937024878449,26603; 26602; 26607; 26614; 26601; 26596; 26609; 26616; 26498; 26518; 26606
par65801449,2010,Div6,Dist58,1,1,366021.9656,5800944=0.229910151813,5800944=0.217220150614,27484; 27709; 27584; 27510; 27583; 27610; 27489; 27487; 27586; 27585; 27486; 27488; 27587; 27582
par65800546,2010,Div6,Dist58,1,1,362160.6243,5800920=0.11419036665,5800920=0.0534436461986,40003; 40013; 40002; 55759; 75901; 40011; 40062; 40000
par65800388,2010,Div6,Dist58,1,1,359764.5409,5800500=0.0810534472045,5800500=0.232473977802,9089; 9192; 9081; 9191; 9093; 9181
par65800430,2010,Div6,Dist58,1,1,357157.6798,5800710=0.0446590504966;5800564=0.0732643567003,5800710=0.476754779889;5800564=0.113895579697,9122; 9127; 9151; 9150; 62194; 9149; 9123; 63242; 9148; 9146; 9147
par65800289,2010,Div6,Dist58,1,1,355085.151,5800685=0.108870354894,5800685=0.549572715263,6741; 6747; 6751; 6695; 6699; 6700; 6740; 6719; 6773; 6749; 6753; 6689; 6694
par65800424,2010,Div6,Dist58,1,1,353727.1322,5800692=0.0849,5800692=1.0,3797; 3792; 69643; 3794; 3788; 3886; 3793; 3899; 3786; 3805
par65800498,2010,Div6,Dist58,1,1,353707.1683,5800805=0.173995290299,5800805=0.534629867257,9990; 10352; 10354; 10355; 10381; 70005; 10362; 9994; 10007; 10383; 10363; 9999; 9995; 10356; 10364
par65800425,2010,Div6,Dist58,1,1,353634.4194,5800689=0.127916,5800689=1.0,3933; 21622; 3906; 3930; 3908; 3911; 4089
par65800302,2010,Div6,Dist58,1,99,348828.0447,5800730=0.106786461109,5800730=0.318697059464,8794; 69802; 8786; 74551; 74552
par65800532,2010,Div6,Dist58,1,1,346971.6443,5800530=0.221115632113,5800530=0.157525669749,39869; 39856; 39867; 39882; 39865; 39864; 39858; 39866; 39917; 39876; 39880
par65801525,2010,Div6,Dist58,1,1,344829.5645,5800943=0.0961841056366;5801091=0.0470840381886,5800943=0.229799300063;5801091=0.229799300063,28062; 28066; 28068; 28061; 28084; 28065; 62026; 28069; 28093; 28085
par65800496,2010,Div6,Dist58,1,1,343098.2303,5800809=0.16697,5800809=1.0,10484; 25317; 30958; 56965; 69109; 10492; 10344; 10485; 10512; 10490; 10543; 10486; 10491; 10437; 10414
par65800543,2010,Div6,Dist58,1,1,342042.8485,5800939=0.1698,5800939=1.0,40102; 40109; 71677; 41531; 41518; 41521; 40105; 52797; 52808; 53848; 40096; 40103
par65800389,2010,Div6,Dist58,1,1,339927.6078,5800763=0.136819144838,5800763=0.155253653099,9096; 9169; 9168; 9076; 9072; 9174; 9075; 9074
par65801437,2010,Div6,Dist58,1,1,336326.3761,5800561=0.1415,5800561=1.0,39127; 39193; 39163; 39194; 39169; 71642; 39131; 39174; 39162; 39115; 39121; 71641; 39092
par65801502,2010,Div6,Dist58,1,1,334200.9239,5800728=0.0803403916775,5800728=0.545939057336,25488; 25489; 25390; 25397; 25396; 25398; 25475; 25495; 25484; 25468; 25487; 25388
par65800405,2010,Div6,Dist58,1,1,328084.7466,5800738=0.0839047923408,5800738=0.287011970147,8674; 8681; 8673; 8701; 8670; 9065; 8679; 9059; 8677; 69911; 9054; 49540; 8682
par65800159,2010,Div6,Dist58,1,1,327752.2122,5804685=0.0539918622586;5800611=0.00566,5804685=0.0618825707357;5800611=1.0,36037; 36036; 35939; 55794; 35936; 35934; 35962
par65800534,2010,Div6,Dist58,1,1,326460.3206,5800628=0.35375,5800628=1.0,41527; 52938; 52856; 41526; 53056; 41520; 41524; 41519; 41567
par65801526,2010,Div6,Dist58,1,1,324749.4163,5800943=0.0905831035924;5801091=0.0443422359708,5800943=0.21641760523;5801091=0.21641760523,28237; 28186; 28275; 28279; 28192; 46156; 28197; 28272; 28274; 73946; 28498; 28094; 28092; 28300
par65801666,2010,Div6,Dist58,1,1,321643.2841,5800604=0.1698,5800604=1.0,20344; 20338; 20346; 20330; 20369; 20337
par65801597,2010,Div6,Dist58,1,1,321389.2659,5800549=0.363089,5800549=1.0,20506; 20505; 20921; 20911; 75507; 20916; 20971; 70488; 20576; 20939; 20910
par65800155,2010,Div6,Dist58,1,1,320677.5869,5800665=0.094035793658,5800665=0.664563912777,6461; 6412; 5268; 6423; 6413; 5258; 5254
par65801503,2010,Div6,Dist58,1,1,317427.2761,5800783=0.121458019898,5800783=0.181394878413,25366; 25365; 25342; 25358; 25361; 25355; 25345
par65800492,2010,Div6,Dist58,1,1,316751.0853,5804685=0.0521796049918,5804685=0.059805458856,11310; 33921; 33857; 11318
par65801574,2010,Div6,Dist58,1,1,315148.3332,5800714=0.0945297260472,5800714=0.131558605955,27186; 69170; 27192; 26826; 27189; 27211
par65800258,2010,Div6,Dist58,1,1,312904.9731,5801710=0.0,5801710=1.0,10342; 77668; 70011; 10304; 70002; 10335
par65800255,2010,Div6,Dist58,1,1,312473.9493,5800573=0.091975,5800573=1.0,9891; 9783; 9788; 9780; 9811; 9815; 9812; 9768; 9810; 9807; 9911; 9819
par65800346,2010,Div6,Dist58,1,1,309596.9091,5800777=0.158487676729,5800777=0.689688579127,10970; 11011; 11007; 10971; 10968; 10994; 11363; 10969; 11358
par65800306,2010,Div6,Dist58,1,1,308474.1105,5800767=0.1698,5800767=1.0,6383; 6475; 6390; 6477; 6371; 6488; 6591; 6487; 6375; 6486; 6368
par65801664,2010,Div6,Dist58,1,1,307768.0361,5800864=0.1132,5800864=1.0,20849; 20489; 20856; 20486; 20867; 20491; 20881; 20851; 20510; 20894
par65801624,2010,Div6,Dist58,1,1,302937.4993,5800694=0.214873097053,5800694=0.292927814112,30442; 30420; 30424; 30545; 25010; 442; 30423; 30413; 30573; 30427
par65800295,2010,Div6,Dist58,1,1,302609.7968,5801541=0.1132;5802610=0.026885;5802611=0.04245,5801541=1.0;5802610=1.0;5802611=1.0,6439; 13725; 6402; 6425; 6299; 5002; 6406; 6428; 6429
par65800286,2010,Div6,Dist58,1,1,301915.9309,5800801=0.162803361898,5800801=0.625981389735,9585; 16925; 9588; 9599; 9609; 9589; 9621
par65800342,2010,Div6,Dist58,1,1,297705.4937,5800684=0.13252164134,5800684=0.585342938783,10870; 10964; 10871; 10918; 10868; 10942; 11017; 10944; 10874; 73827
par65803180,2010,Div6,Dist58,1,1,295493.6344,5801091=0.040347565867;5800943=0.0824227208803,5801091=0.196921138293;5800943=0.196921138293,27880; 27893; 28253; 27898; 28267; 27899; 28252; 28251; 27896; 28255; 27885; 28259
par65801654,2010,Div6,Dist58,1,1,294749.738,5800579=0.004811,5800579=1.0,21686; 21689; 21665; 21691; 21669; 21664
par65801482,2010,Div6,Dist58,1,1,289269.5065,5800868=0.107476319953,5800868=0.160669705193,76144; 51707; 53077; 53122; 77792
par65800262,2010,Div6,Dist58,1,1,285579.6554,5800721=0.178856,5800721=1.0,11708; 11704; 11710; 11683; 11735; 11707; 11705; 11713
par65801434,2010,Div6,Dist58,1,1,283627.9837,5800756=0.20346569905,5800756=0.876780569894,39263; 34578; 39266; 39292; 39144; 39166; 39274; 39172; 39123
par65800161,2010,Div6,Dist58,1,1,282997.1171,5804685=0.0466191860719;5800501=0.0147550653507,5804685=0.053432405534;5800501=0.521380401084,34492; 34501; 35945; 36427; 35930; 35908; 34470; 34493; 34576; 34496; 34500; 35911; 35941; 34471
par65800152,2010,Div6,Dist58,1,1,282470.2572,5800866=0.089768075511,5800866=0.396502100314,6980; 6972; 6979; 7079; 7068; 6970
par65800547,2010,Div6,Dist58,1,1,279635.533,5800920=0.0881699497382,5800920=0.0412655089688,66323; 39984; 39919; 40005; 40007; 40001; 40004; 75902; 39962
par65801501,2010,Div6,Dist58,1,1,277957.0073,5800728=0.0668196083225,5800728=0.454060942664,25599; 25374; 25377; 25381; 25400; 25372; 25376; 25379; 25382; 25370; 25470; 25380; 25401; 8260
par65801648,2010,Div6,Dist58,1,1,277176.8565,5800835=0.09905,5800835=1.0,66162; 24513; 24483; 24509; 24519; 24482; 66510; 24502; 24515
par65801790,2010,Div6,Dist58,1,1,275716.738,5800808=0.220101686256,5800808=0.469085931485,10305; 77669; 10341; 77466; 10317; 10313
par65800510,2010,Div6,Dist58,1,1,273501.4055,5800749=0.3113,5800749=1.0,71699; 40585; 40503; 40507; 40506; 40582; 71700; 40504
par65800403,2010,Div6,Dist58,1,99,267402.4627,5800539=0.0670988559327,5800539=0.0846780110206,8510; 13787; 73785; 7805; 3874; 8516; 69898; 8520
par65801589,2010,Div6,Dist58,1,1,266176.8815,5800577=0.0915992509673,5800577=0.24336260519,29702; 29704; 29699; 29696; 29753
par65800312,2010,Div6,Dist58,1,1,265878.4725,5800827=0.0283,5800827=1.0,69928; 8935; 9303; 8938; 9300
par65801623,2010,Div6,Dist58,1,1,260126.4766,5800694=0.184507305242,5800694=0.251531356664,30602; 32197; 31670; 30554
par65800160,2010,Div6,Dist58,1,1,259787.2233,5804685=0.0427957324309;5800501=0.0135449346493,5804685=0.0490501684616;5800501=0.478619598916,35963; 35902; 35914; 35937; 34488; 35935; 35906; 34484; 35900
par65800444,2010,Div6,Dist58,1,1,259117.9058,5801409=0.032545;5801405=0.0695880800393,5801409=1.0;5801405=0.517672159489,33996; 34004; 34035; 34012; 34031; 33912; 34044; 34005
par65801471,2010,Div6,Dist58,1,1,258221.9377,5800829=0.0714610607212,5800829=0.673366885477,7901; 7889; 25371; 8439; 19005; 8265; 25347
par65800317,2010,Div6,Dist58,1,1,253612.3631,5800691=0.04245,5800691=1.0,11625; 11636; 12135; 11635; 11631; 10198; 11623
par65800428,2010,Div6,Dist58,1,1,253489.7352,5800552=0.0849,5800552=1.0,10660; 10750; 70020; 10779; 10751; 10656; 10708
par65801524,2010,Div6,Dist58,1,1,252306.573,5800943=0.0703764542505;5801091=0.034450678078,5800943=0.168140669611;5801091=0.168140669611,70933; 70934; 28219; 28214; 46097; 28187; 28188
par65800282,2010,Div6,Dist58,1,1,252089.6635,5800813=0.147422846705,5800813=0.868214644904,9606; 9697; 9705; 9723; 9605; 9700; 9696; 9604
par65800257,2010,Div6,Dist58,1,1,243148.3076,5800574=0.103933083808,5800574=0.636489970716,9933; 9950; 9925; 9930; 9924; 9935; 9900; 9941; 9920
par65801625,2010,Div6,Dist58,1,1,241092.1114,5800694=0.171006259612;5801997=0.0252211848653,5800694=0.233125926488;5801997=0.356483178307,30419; 30443; 30417; 30058; 30009; 30414; 29994; 30366
par65800298,2010,Div6,Dist58,1,1,240120.6521,5800730=0.0735079505976,5800730=0.219379567966,6963; 6962; 7071; 7081; 6964; 6958; 6959; 7055; 6982
par65800270,2010,Div6,Dist58,1,1,237836.0533,5800731=0.202062,5800731=1.0,12193; 66390; 12661; 12144; 12162; 62190; 12151; 11796
par65801660,2010,Div6,Dist58,1,1,233619.8162,5801596=0.0,5801596=1.0,20448; 20579; 20465; 20371; 20463; 20376
par65800397,2010,Div6,Dist58,1,1,233603.671,5800723=0.1132,5800723=1.0,3857; 8460; 69889; 74528
par65801556,2010,Div6,Dist58,1,1,227002.2043,5800568=0.106913061797,5800568=0.191768868356,26975; 27046; 26983; 27015; 27026; 27014; 27143
par65800411,2010,Div6,Dist58,1,1,224953.7064,5800540=0.1415,5800540=1.0,3731; 3728; 3724; 3726; 69635; 69636; 3720
par65800432,2010,Div6,Dist58,1,1,223349.7946,5800710=0.0279276922199;5800564=0.0458161197308,5800710=0.29814025621;5800564=0.0712249960449,9026; 49414; 9025; 9125; 9022; 9116; 9100
par65801617,2010,Div6,Dist58,1,1,222552.7155,5800717=0.0824886438357,5800717=0.494032723457,30604; 31949; 31948; 31959; 31936; 30587
par65800544,2010,Div6,Dist58,1,1,218291.2578,5800627=0.0523634965947,5800627=0.0638034563113,40104; 40098; 40107; 40094; 40100; 40074; 40097; 40095
par65801707,2010,Div6,Dist58,1,1,214983.2822,5802881=0.05943,5802881=1.0,75332; 11882; 12001; 11873; 10274; 10273; 11902; 11906
par65800266,2010,Div6,Dist58,1,1,212703.6183,5800543=0.12735,5800543=1.0,75346; 11665; 11630; 11660
par65800276,2010,Div6,Dist58,1,1,209562.5482,5800770=0.019357246794;5800771=0.0;5800772=0.0398531208261,5800770=0.684001653497;5800771=0.828374991188;5800772=0.828374991188,10151; 10122; 10123; 10120; 10100; 10129; 10125
par65800508,2010,Div6,Dist58,1,1,209247.9683,5800916=0.0848609750584,5800916=0.204544408377,40395; 40386; 40390; 40399; 40397; 40388; 40417
par65801538,2010,Div6,Dist58,1,1,205386.7584,5802543=0.0;5802566=0.0,5802543=0.632581057129;5802566=1.0,29353; 29324; 29325; 29330; 29332; 29350; 29335
par65801668,2010,Div6,Dist58,1,1,204473.8525,5801784=0.0,5801784=0.865661388982,20328; 20339; 20329; 18998; 20322; 20325; 18722; 18724; 20335; 20323; 20334; 20320
par65800558,2010,Div6,Dist58,1,1,203281.0574,5802151=0.0,5802151=1.0,37880; 71597; 37893; 71598; 37881; 37878; 37877; 37887; 71596
par65801800,2010,Div6,Dist58,1,1,202756.049,5800539=0.0508772386909,5800539=0.0642065102107,8545; 8514; 8519
par65801600,2010,Div6,Dist58,1,1,201302.5238,5800513=0.0566;5800649=0.0619390510705,5800513=1.0;5800649=0.0919604642196,29797; 29790; 29796; 29816
par65801647,2010,Div6,Dist58,1,1,200978.6277,5800587=0.0566,5800587=1.0,24879; 24877; 24931; 24872; 24878; 24876; 24901; 24875; 24883
par65800398,2010,Div6,Dist58,1,1,200301.1459,5800738=0.0512252587983,5800738=0.175225538838,8493; 8463; 8552; 8469; 8500
par65800844,2010,Div6,Dist58,1,1,198153.8609,5800664=0.0959659072713,5800664=0.67820429167,38364; 61984; 15753; 15828
par65800513,2010,Div6,Dist58,1,1,196796.1495,5800850=0.157348,5800850=1.0,41325; 41329; 41328; 41333; 41322; 41437; 41326; 41332; 41237
par65800287,2010,Div6,Dist58,1,1,195665.1626,5800844=0.162442,5800844=1.0,7277; 69810; 7326; 7379; 69813
par65801681,2010,Div6,Dist58,1,1,195475.9752,5800779=0.04245,5800779=1.0,18567; 18192; 18180; 18199; 18193; 18206; 18187
par65801571,2010,Div6,Dist58,1,1,195247.0666,5801996=0.0,5801996=0.525162721411,27027; 27122; 27024; 27035; 27042; 27022; 27023
par65800347,2010,Div6,Dist58,1,1,194511.8664,5800698=0.07075,5800698=1.0,11367; 11364; 11388; 11366; 11379
par65800304,2010,Div6,Dist58,1,99,187406.5143,5800730=0.057370612125,5800730=0.171218759326,69795; 7093; 7114; 7083; 7043; 8798
par65800316,2010,Div6,Dist58,1,1,183142.1661,5800921=0.021225,5800921=1.0,9487; 9474; 10187; 9472
par65801603,2010,Div6,Dist58,1,1,183016.3462,5800588=0.0600790190426,5800588=0.286882910145,30215; 30392; 30199; 30204; 71041
par65800290,2010,Div6,Dist58,1,1,182523.945,5800685=0.0559624828377,5800685=0.282496127399,7142; 7137; 7134; 7145; 7138
par65800493,2010,Div6,Dist58,1,1,181815.7899,5804685=0.0299512031325,5804685=0.0343284593072,11252; 11267; 70038; 11271; 11265
par65800503,2010,Div6,Dist58,1,1,176775.9638,5800914=0.0,5800914=1.0,12613; 12514; 70107; 12515; 42801
par65800253,2010,Div6,Dist58,1,1,175939.5761,5800808=0.140450658381,5800808=0.299331772669,9745; 9742; 10024; 9750; 9746; 9744; 9753
par65801487,2010,Div6,Dist58,1,1,174715.5004,5800868=0.0649144780205,5800868=0.0970426792702,51679; 51668; 51675; 51674; 72483
par65801435,2010,Div6,Dist58,1,1,172728.9084,5800755=0.11886,5800755=1.0,39294; 39272; 75895; 39323; 39271; 39270
par65801512,2010,Div6,Dist58,1,1,170877.8874,5800907=0.0276384850329,5800907=0.588328260736,25640; 25642; 25660; 25653; 25735; 25650
par65800345,2010,Div6,Dist58,1,1,170837.3275,5800684=0.0760471120675,5800684=0.335897138107,10919; 11013; 10977; 11019; 10923; 73828
par65801569,2010,Div6,Dist58,1,1,170680.3736,5800714=0.0511961107147;5802795=0.119449107762,5800714=0.0712504863558;5802795=0.70346942145,27157; 27165; 28583; 28589; 27154; 28581
par65800540,2010,Div6,Dist58,1,1,170303.9161,5800627=0.0408523393041,5800627=0.0497774330499,41587; 41699; 41595; 41586; 41593
par65800149,2010,Div6,Dist58,1,1,169853.397,5800502=0.0566,5800502=1.0,39979; 39975; 51384; 40066; 51354; 39966; 51404; 40117
par65801671,2010,Div6,Dist58,1,1,169735.6448,5800590=0.142998421519,5800590=0.777376577978,18903; 18731; 18714; 18897; 18720; 18896
par65803153,2010,Div6,Dist58,1,1,169447.2768,5800741=0.0849084137673,5800741=0.663782589882,11439; 11418; 11415; 11420; 11407; 11450
par65801541,2010,Div6,Dist58,1,1,168226.3273,5800537=0.0560438365789,5800537=0.849934584675,29409; 29408; 32390; 32332; 32328; 29413; 32329
par65800516,2010,Div6,Dist58,1,1,168119.1109,5800897=0.0920535105909,5800897=0.0690610239029,39762; 39756; 39763; 41197; 39757; 39767
par65801172,2010,Div6,Dist58,1,1,166105.6767,5800593=0.0579860825325,5800593=0.539204784569,13665; 13669; 13699; 13695; 13711; 13676; 70163
par65801665,2010,Div6,Dist58,1,1,165257.4447,5800647=0.046978,5800647=1.0,21034; 70495; 21008; 26715; 26683
par65801455,2010,Div6,Dist58,1,3,164781.2365,5802117=0.174189118511,5802117=0.564687387787,14775; 27592; 27710; 14750
par65801545,2010,Div6,Dist58,1,1,164239.1529,5800686=0.065939,5800686=1.0,74203; 68262; 55010; 54972
par65800156,2010,Div6,Dist58,1,1,161860.7826,5800665=0.047464206342,5800665=0.335436087223,6601; 6656; 69781; 6655; 6606; 6598; 6624; 6604
par65800556,2010,Div6,Dist58,1,3,161131.0368,5800631=0.0129227697022,5800631=0.171667282634,77357; 37476
par65803143,2010,Div6,Dist58,1,1,158639.9967,5800747=0.0,5800747=1.0,27156; 27151; 27096; 27113; 27145; 27142; 27126; 27176; 27155
par65801557,2010,Div6,Dist58,1,1,157460.0723,5800568=0.0741602421542,5800568=0.133020469865,27049; 26627; 26620; 26629; 26624
par65801627,2010,Div6,Dist58,1,1,156694.5522,5800694=0.111143202147,5800694=0.151517038219,31961; 32010; 31999; 31993
par65801811,2010,Div6,Dist58,1,1,155447.8408,5800626=0.053206403788,5800626=0.0885162400897,25956; 25943; 25938; 25989; 25979
par65801605,2010,Div6,Dist58,1,1,154673.5748,5800623=0.0815965716005,5800623=0.197890945867,30408; 30371; 30360; 30401; 30406; 30393
par65801618,2010,Div6,Dist58,1,1,152869.4991,5800717=0.0566607225451,5800717=0.339346724232,31947; 30535; 4567; 31955; 30536; 31960; 30581
par65801611,2010,Div6,Dist58,1,1,151206.0568,5800847=0.126594272857,5800847=0.518943835343,29804; 29809; 29800; 30086; 29805; 29813
par65801602,2010,Div6,Dist58,1,1,147866.5686,5800649=0.0454972683464,5800649=0.0675494675095,30201; 30176; 30173; 30198; 30177; 30178; 30172; 33934
par65801453,2010,Div6,Dist58,1,3,147129.7781,5803709=0.0,5803709=1.0,27507; 27474; 27495; 27476; 27482; 27508; 27463
par65801747,2010,Div6,Dist58,1,1,144926.8961,5800541=0.0340011739569,5800541=0.104022070142,9439; 9428; 9431; 9456; 9432
par65801609,2010,Div6,Dist58,1,1,143212.6629,5800623=0.0755504766572,5800623=0.183227738533,30179; 30181; 30351; 29808; 30169; 30354
par65801798,2010,Div6,Dist58,1,1,142110.9053,5800541=0.0333405167868,5800541=0.102000877386,9412; 9417; 9421; 9411; 9419; 9416; 9410
par65801433,2010,Div6,Dist58,1,1,141951.0792,5800593=0.0495539174675,5800593=0.460795215431,15187; 13708; 15045; 15097; 15199
par65801543,2010,Div6,Dist58,1,1,141541.3364,5800640=0.15565,5800640=1.0,32341; 32349; 32353; 32373; 32377
par65801672,2010,Div6,Dist58,1,1,140438.1838,5800619=0.073014,5800619=1.0,56481; 70373; 18899
par65801612,2010,Div6,Dist58,1,1,140166.6246,5801595=0.0566;5800847=0.117351727143,5801595=1.0;5800847=0.481056164657,29807; 29799; 29801; 29814
par65800328,2010,Div6,Dist58,1,1,140049.7109,5800798=0.0237315752281,5800798=0.0898790528221,10933; 10936; 10934; 11752; 70031; 11037
par65801549,2010,Div6,Dist58,1,1,139303.5903,5800677=0.0222206961466,5800677=0.78518360942,26995; 26990; 26984
par65801631,2010,Div6,Dist58,1,1,139008.3608,5800754=0.0283,5800754=1.0,68307; 55742; 55748; 55800; 55889
par65800293,2010,Div6,Dist58,1,1,138380.5064,5800765=0.0283,5800765=1.0,5143; 5142; 5153; 5140; 5144; 5145; 5161; 5158
par65800447,2010,Div6,Dist58,1,1,133070.4201,5800533=0.0577929133092;5801405=0.0357370711846,5800533=0.613258983109;5801405=0.265851375746,34024; 34401; 34396; 34042; 34037
par65800315,2010,Div6,Dist58,1,1,131399.2584,5800875=0.0302536203692,5800875=0.712688347919,9476; 9483; 9482; 9480; 11612
par65800529,2010,Div6,Dist58,1,1,129172.192,5800894=0.0,5800894=0.506343753956,39833; 39839; 39846; 39837; 39838; 39848; 39809
par65801677,2010,Div6,Dist58,1,1,126378.196,5800659=0.00573682031298,5800659=0.162171598954,20321; 20583; 20331; 20324; 20355
par65801759,2010,Div6,Dist58,1,1,125935.511,5800894=0.0,5800894=0.493656246044,39826; 39818; 39820; 39824; 39831
par65801463,2010,Div6,Dist58,1,1,124627.6237,5801989=0.0,5801989=1.0,7844; 7853; 7703; 7850; 7842
par65801548,2010,Div6,Dist58,1,1,123592.4773,5800746=0.236649057823,5800746=0.614864523548,27115; 26974; 26972; 27066
par65800551,2010,Div6,Dist58,3,3,122772.8161,5801591=0.0,5801591=0.350027012731,53029; 53387; 53419; 53386
par65800404,2010,Div6,Dist58,1,1,121777.7996,5800582=0.1698,5800582=1.0,8628; 8671; 8639
par65801673,2010,Div6,Dist58,1,1,121028.3371,5800760=0.07075,5800760=1.0,18869; 18792; 18787; 18786; 18794
par65800500,2010,Div6,Dist58,1,1,120396.4502,5800575=0.07075,5800575=1.0,12075; 70079; 11992; 12095
par65801539,2010,Div6,Dist58,1,1,119293.7803,5802543=0.0,5802543=0.367418942871,71003; 29340; 29341; 29349
par65800260,2010,Div6,Dist58,1,1,118194.3428,5800934=0.0385089756097,5800934=0.177642452692,
par65801171,2010,Div6,Dist58,1,1,117566.9971,5800805=0.0578334442253,5800805=0.177703008835,9965; 9984; 9959; 9971; 9961
par65801669,2010,Div6,Dist58,1,1,114375.5036,5800671=0.0566,5800671=1.0,20359; 20352; 20361
par65803154,2010,Div6,Dist58,1,1,113441.0343,5800821=0.0402122128176,5800821=0.134049646035,
par65800299,2010,Div6,Dist58,1,1,112614.2031,5800730=0.0344744994055,5800730=0.102886840457,6904
par65800280,2010,Div6,Dist58,1,1,112323.3481,5800879=0.0544969270557,5800879=0.0914511311393,69993; 10094; 10155
par65801661,2010,Div6,Dist58,1,1,111785.2223,5800617=0.07075,5800617=1.0,20458; 20478; 40607; 20461
par65800535,2010,Div6,Dist58,1,1,111224.5528,5800830=0.091409,5800830=1.0,41563; 67566; 41650; 41661
par65801674,2010,Div6,Dist58,1,1,110260.2543,5800759=0.0849,5800759=1.0,18739; 18749; 18771; 18745; 18744
par65801563,2010,Div6,Dist58,1,1,110101.8673,5801095=0.15282,5801095=1.0,20198; 70409; 20192; 19385; 20223
par65801170,2010,Div6,Dist58,1,1,109818.9687,5800805=0.054022041541,5800805=0.165991831437,9866; 9956; 69985; 9884
par65801504,2010,Div6,Dist58,1,1,109164.4917,5800783=0.0417698918883,5800783=0.0623824138312,19788; 25340; 25865; 25344
par65800275,2010,Div6,Dist58,1,1,108894.1056,5800622=0.0433493733524,5800622=0.0899988235674,10114; 10148; 10128; 10138
par65800446,2010,Div6,Dist58,1,1,108356.0844,5801405=0.0290998487761,5801405=0.216476464766,34397; 34390; 34417
par65800501,2010,Div6,Dist58,1,1,108232.3611,5800872=0.0487970694773,5800872=0.28834081495,12079; 12117; 12074; 12124; 11986
par65801836,2010,Div6,Dist58,2,1,108227.8022,5800907=0.0175052052478,5800907=0.372625595976,25647; 25645; 25651; 25761; 25641
par65801440,2010,Div6,Dist58,1,1,105831.1893,5800612=0.0324900495722,5800612=0.135065681032,51391; 51393; 72467
par65800383,2010,Div6,Dist58,1,1,103102.2723,5800712=0.0283;5800851=0.0566,5800712=1.0;5800851=1.0,10675; 66002; 10674; 10813; 10767
par65800842,2010,Div6,Dist58,1,1,102900.3533,5800530=0.0655756083771,5800530=0.0467169215043,39920; 39923; 39514; 39922; 39516
par65800335,2010,Div6,Dist58,1,1,102704.0865,5800699=0.0283,5800699=1.0,11047; 11044; 11045; 11027
par65800512,2010,Div6,Dist58,1,1,101628.0396,5800924=0.13867,5800924=1.0,40625; 40628; 40604; 40624
par65801458,2010,Div6,Dist58,1,1,101576.2606,5800618=0.0701835187064,5800618=0.165332199544,59099; 73930
par65801040,2010,Div6,Dist58,1,1,101123.6458,5800932=0.10754,5800932=1.0,34163; 34143
par65801799,2010,Div6,Dist58,1,1,100793.5366,5804685=0.0166041007264,5804685=0.0190307278675,
par65801633,2010,Div6,Dist58,1,1,100544.1604,5800895=0.0725888111391,5800895=0.197305819894,56196; 74945
par65801509,2010,Div6,Dist58,1,1,100266.2207,5802123=0.0,5802123=1.0,25888; 25889; 25886
par65800507,2010,Div6,Dist58,1,1,99936.11349,5800905=0.0566,5800905=1.0,40251; 40247
par65800333,2010,Div6,Dist58,1,1,99931.47851,5801403=0.079205566268,5801403=0.699695815088,13193; 11574; 34183; 11547
par65801650,2010,Div6,Dist58,1,3,98686.70247,5803609=0.142677085959,5803609=1.0,24434; 24456; 62002
par65800292,2010,Div6,Dist58,1,1,96220.54092,5800838=0.018678,5800838=1.0,7111; 7107; 7099; 7292; 7074
par65800536,2010,Div6,Dist58,1,1,96157.9654,5800509=0.04528,5800509=1.0,41660; 41649; 41659; 41652; 41636
par65801468,2010,Div6,Dist58,1,1,96032.63765,5800829=0.0265763405366,5800829=0.250424881381,7887; 7895
par65800562,2010,Div6,Dist58,1,1,95682.75973,5800703=0.018678,5800703=1.0,42685; 67622; 42682; 42689
par65801606,2010,Div6,Dist58,1,1,95436.50641,5800881=0.07641,5800881=1.0,30359; 30361; 30383; 30356
par65800157,2010,Div6,Dist58,1,1,95318.82824,5801689=0.0,5801689=1.0,5162; 73795; 7467
par65801469,2010,Div6,Dist58,1,1,95118.0102,5801962=0.0,5801962=1.0,7899; 7890; 69863
par65801484,2010,Div6,Dist58,1,1,94904.9957,5800868=0.0352613720208,5800868=0.0527133255937,72481; 53125
par65801580,2010,Div6,Dist58,1,1,94608.80095,5800915=0.136878950889,5800915=0.350740539923,26849; 26881; 70890
par65801763,2010,Div6,Dist58,1,1,94020.43427,5800664=0.0455340927287,5800664=0.32179570833,67200
par65801044,2010,Div6,Dist58,1,1,93728.29681,5801656=0.0283,5801656=1.0,37671; 67653; 37666
par65801535,2010,Div6,Dist58,1,1,92892.79054,5800743=0.36507,5800743=1.0,
par65800265,2010,Div6,Dist58,1,1,92540.48125,5800732=0.13584,5800732=1.0,75345; 11634
par65801745,2010,Div6,Dist58,1,1,92334.23946,5801085=0.0665349924632,5801085=0.15673732029,6395; 6384; 6386; 6385
par65801651,2010,Div6,Dist58,1,1,91889.7155,5800651=0.0,5800651=1.0,24806
par65800360,2010,Div6,Dist58,1,1,91785.41264,5801785=0.0,5801785=0.556359357816,18522; 18523; 18521; 18518
par65800545,2010,Div6,Dist58,1,1,89187.04816,5800920=0.0281209525456,5800920=0.0131612348984,40056; 40051; 40054; 40061
par65801176,2010,Div6,Dist58,1,1,87544.59705,5801981=0.01415,5801981=1.0,15222; 15226; 15593
par65800313,2010,Div6,Dist58,1,1,86014.4753,5800828=0.0231084000819,5800828=0.408275619822,9308; 9349; 9356
par65800305,2010,Div6,Dist58,1,1,85869.09918,5800722=0.0260876310264,5800722=0.134966971873,
par65800336,2010,Div6,Dist58,1,1,85827.9886,5800741=0.0430075862327,5800741=0.336217410118,11043; 11409
par65801560,2010,Div6,Dist58,1,1,83660.9996,5800568=0.0394024967636,5800568=0.0706758565113,
par65800526,2010,Div6,Dist58,1,1,82284.37093,5800568=0.038754134839,5800568=0.0695128963409,
par65801488,2010,Div6,Dist58,1,1,81946.5,5800868=0.0304467220191,5800868=0.0455157550338,51702; 51696; 72482; 51701
par65801593,2010,Div6,Dist58,1,1,81879.6644,5801999=0.0,5801999=1.0,29610; 74700
par65800311,2010,Div6,Dist58,1,1,81348.28101,5800725=0.0484336266792,5800725=0.342287114341,9301; 74577; 9304
par65800150,2010,Div6,Dist58,1,1,80428.74526,5801086=0.03679,5801086=1.0,7105; 7069; 7096
par65801546,2010,Div6,Dist58,1,1,79316.61586,5800878=0.0231390523373,5800878=0.408817179104,27120; 27123; 27144
par65800337,2010,Div6,Dist58,1,1,79147.11196,5800867=0.0395539407009,5800867=0.46588858305,11399; 11371
par65801785,2010,Div6,Dist58,1,1,78695.27572,5800551=0.046695,5800551=1.0,43037; 43038; 43033
par65801497,2010,Div6,Dist58,1,1,78044.91146,5800548=0.057677816375,5800548=0.727887637241,51624; 51629
par65801547,2010,Div6,Dist58,1,1,77415.17978,5800746=0.148230942177,5800746=0.385135476452,27072; 27109; 27095
par65801472,2010,Div6,Dist58,1,1,76712.06098,5803519=1.6255900279,5803519=0.829220562683,73883
par65801443,2010,Div6,Dist58,1,3,76423.74009,5801782=0.0188761,5801782=1.0,51408; 51410
par65801760,2010,Div6,Dist58,1,1,76032.82638,5801085=0.0547883814253,5801085=0.129065680625,6343; 6337; 6340
par65801177,2010,Div6,Dist58,1,1,75978.3898,5800843=0.1132,5800843=1.0,
par65800511,2010,Div6,Dist58,1,1,75705.71795,5800794=0.0246670480851,5800794=0.581084760544,40612; 40590; 40601
par65801755,2010,Div6,Dist58,1,1,75404.24322,5800878=0.0219976950782,5800878=0.388651856505,27125; 27175; 27121
par65800381,2010,Div6,Dist58,1,1,75337.37383,5800556=0.084239841562,5800556=0.531548722627,11199; 11203; 11193; 11292
par65800334,2010,Div6,Dist58,1,1,75293.01695,5800798=0.0127584832872,5800798=0.0483204499609,11671; 11644; 75348
par65801619,2010,Div6,Dist58,1,1,75059.51451,5800717=0.0278206336192,5800717=0.16662055231,30586
par65800319,2010,Div6,Dist58,1,1,74885.34083,5800541=0.0175687851524,5800541=0.0537493618233,
par65801529,2010,Div6,Dist58,1,1,74195.03039,5800804=0.0566,5800804=1.0,28328
par65801451,2010,Div6,Dist58,1,3,73606.49835,5802177=0.0,5802177=1.0,27589; 27641; 27590
par65801628,2010,Div6,Dist58,1,1,73320.52727,5800694=0.052006135947,5800694=0.0708978645179,
par65801680,2010,Div6,Dist58,1,1,73189.63694,5801785=0.0,5801785=0.443640642184,18530; 18537
par65801641,2010,Div6,Dist58,1,1,72199.94824,5802176=0.0,5802176=1.0,33153; 33155; 22235
par65800393,2010,Div6,Dist58,1,1,71620.4518,5800763=0.0288268700256,5800763=0.032710896448,8594; 8633; 8622
par65801630,2010,Div6,Dist58,1,1,71583.88055,5800833=0.0195103659769,5800833=0.689412225331,55770; 55743; 72729
par65801444,2010,Div6,Dist58,1,3,71509.7554,5801045=0.01415,5801045=1.0,51123; 51126
par65801620,2010,Div6,Dist58,1,1,71320.98895,5800706=0.101844085735,5800706=0.899682736177,
par65800505,2010,Div6,Dist58,1,1,70664.02567,5800786=0.037639,5800786=1.0,40172; 40175; 40157; 40182; 40156
par65800828,2010,Div6,Dist58,1,1,70622.17611,5801868=0.0,5801868=1.0,40531; 40530; 34173; 40442
par65801607,2010,Div6,Dist58,1,1,70315.81145,5800880=0.04528,5800880=1.0,30378; 30380; 30412; 30411
par65801511,2010,Div6,Dist58,1,1,69996.53064,5800626=0.023958285003,5800626=0.039857933566,25933; 25594; 25932; 25940
par65801587,2010,Div6,Dist58,1,1,67723.65029,5800915=0.0979818167968,5800915=0.251069979006,26884; 26883
par65801042,2010,Div6,Dist58,1,1,67712.46024,5800631=0.00543056475665,5800631=0.0721401306709,37771; 37850; 37839
par65800338,2010,Div6,Dist58,1,1,67547.65984,5800867=0.0337570893698,5800867=0.397610004356,
par65801581,2010,Div6,Dist58,1,1,67083.70506,5800714=0.0201219666852,5800714=0.0280040786838,26891; 26890; 26911
par65800382,2010,Div6,Dist58,1,1,66394.45737,5800556=0.074240158438,5800556=0.468451277373,11302; 11284; 11290; 11291
par65801613,2010,Div6,Dist58,1,1,65763.73914,5800910=0.03679,5800910=1.0,30409; 30397
par65800352,2010,Div6,Dist58,1,1,65566.47511,5800596=0.09905,5800596=1.0,
par65800151,2010,Div6,Dist58,1,1,64709.82518,5801081=0.04245,5801081=1.0,6967; 6946
par65801517,2010,Div6,Dist58,1,1,64533.19954,5800695=0.102864744983,5800695=0.30725246344,27897
par65801461,2010,Div6,Dist58,1,1,63825.5,5800583=0.110444152793;5801621=0.0566,5800583=0.780524048005;5801621=1.0,8253; 8259; 8251
par65801559,2010,Div6,Dist58,1,1,63682.25959,5800568=0.0299929482004,5800568=0.0537980452376,26936; 26939; 26937
par65801522,2010,Div6,Dist58,1,1,63552.60888,5800695=0.101301701326,5800695=0.302583720869,27895; 27894; 27905; 27886
par65801491,2010,Div6,Dist58,1,1,63037.00675,5800868=0.023421015192,5800868=0.0350128066153,51649; 51631
par65800509,2010,Div6,Dist58,1,1,60770.93391,5800545=0.0566,5800545=1.0,40533; 40440; 40645; 40441
par65801558,2010,Div6,Dist58,1,1,60498.4609,5800568=0.0284934488138,5800568=0.0511084084839,26625; 26628; 26650
par65800322,2010,Div6,Dist58,1,1,59339.40464,5800541=0.013921566486,5800541=0.0425911813317,9462; 9435
par65801786,2010,Div6,Dist58,1,1,59281.43054,5800550=0.09339,5800550=1.0,42855
par65800391,2010,Div6,Dist58,1,1,59025.26636,5800763=0.0237573715164,5800763=0.0269583523588,9049; 9051; 8630
par65801636,2010,Div6,Dist58,1,1,58778.57536,5800613=0.1132,5800613=1.0,64726
par65801537,2010,Div6,Dist58,1,1,58486.04809,5800789=0.0124370106586,5800789=0.366225284412,29029; 27152
par65800438,2010,Div6,Dist58,1,1,58474.416,5800802=0.009622,5800802=1.0,
par65801637,2010,Div6,Dist58,1,3,58018.91678,5801878=0.004811,5801878=1.0,32973
par65801519,2010,Div6,Dist58,1,1,58006.36918,5800695=0.0924610962357,5800695=0.276177222775,
par65800539,2010,Div6,Dist58,1,1,57616.0,5800641=0.013274998783,5800641=0.176346326722,71758; 41394
par65801485,2010,Div6,Dist58,1,1,56980.0197,5800868=0.0211705786147,5800868=0.0316485587363,
par65800274,2010,Div6,Dist58,1,1,56299.98545,5801798=0.0849,5801798=1.0,
par65801706,2010,Div6,Dist58,1,1,56114.47845,5802880=0.301112,5802880=1.0,
par65801567,2010,Div6,Dist58,1,1,55799.16551,5801038=0.0199779114723,5801038=0.705933267573,26333; 26323; 26280
par65800277,2010,Div6,Dist58,1,1,55443.84588,5801102=0.11886,5801102=1.0,10231; 10183; 10282; 10232
par65800400,2010,Div6,Dist58,1,1,55264.06471,5800630=0.0141148437092,5800630=0.12468943206,
par65801819,2010,Div6,Dist58,1,1,54577.71588,5800794=0.0177829519149,5800794=0.418915239456,40610; 40641; 40613
par65801682,2010,Div6,Dist58,1,1,54290.16548,5803520=0.293914797076,5803520=1.0,
par65800279,2010,Div6,Dist58,1,1,53396.96055,5800770=0.00493226558034,5800770=0.174285002839,10096; 5754
par65800314,2010,Div6,Dist58,1,1,52972.01522,5800875=0.0121963796308,5800875=0.287311652081,9478; 9484
par65801492,2010,Div6,Dist58,1,1,52582.50295,5800868=0.0195367081009,5800868=0.0292060347097,53065; 53071
par65800561,2010,Div6,Dist58,1,1,52563.72755,5803826=0.62777917822;5800532=0.027507113004,5803826=1.0;5800532=0.120294899958,37672
par65801576,2010,Div6,Dist58,1,1,52415.03225,5800662=0.0193769550454,5800662=0.038059925411,74687
par65801820,2010,Div6,Dist58,1,1,48524.90616,5800916=0.019679382719,5800916=0.0474341438183,40580; 40488; 40609
par65800527,2010,Div6,Dist58,2,1,48439.31716,5800940=0.0261798532351,5800940=0.0778689522882,
par65801709,2010,Div6,Dist58,2,1,47535.90761,5800685=0.0145746762914,5800685=0.0735723184824,6769; 6783
par65801173,2010,Div6,Dist58,1,1,45707.48875,5800805=0.0224843839386,5800805=0.0690870608037,
par65800517,2010,Div6,Dist58,1,1,45502.94598,5800897=0.0249151086825,5800897=0.0186919858376,39816; 39789
par65800261,2010,Div6,Dist58,1,1,45310.49845,5800615=0.0296960565619,5800615=0.356188262241,11856; 11863; 11859; 1509
par65801584,2010,Div6,Dist58,1,1,45200.38932,5800915=0.0653954157304,5800915=0.167570128737,26886
par65800351,2010,Div6,Dist58,1,1,45004.0,5800636=0.0155678641563,5800636=0.440080965549,11376
par65801596,2010,Div6,Dist58,1,1,44901.10896,5802413=0.0283,5802413=1.0,20995
par65801480,2010,Div6,Dist58,1,1,44686.99685,5800868=0.0166031809895,5800868=0.0248206134713,
par65801479,2010,Div6,Dist58,1,1,44261.0,5800868=0.0164449044595,5800868=0.0245840009464,
par65801442,2010,Div6,Dist58,1,1,44036.75928,5800612=0.0135192328601,5800612=0.0562013421746,72461
par65801489,2010,Div6,Dist58,1,1,44036.49605,5800868=0.0163614913868,5800868=0.0244593041406,51729; 51709
par65800307,2010,Div6,Dist58,1,1,44035.65392,5800544=0.04245,5800544=1.0,6369; 6372
par65801795,2010,Div6,Dist58,1,1,43417.74506,5800770=0.00401048762569;5800771=0.0;5800772=0.00825687917394,5800770=0.141713343664;5800771=0.171625008812;5800772=0.171625008812,10131
par65800394,2010,Div6,Dist58,1,1,43146.27249,5800528=0.03396,5800528=1.0,8502
par65801804,2010,Div6,Dist58,1,1,42889.83949,5801403=0.033994433732,5801403=0.300304184912,
par65800434,2010,Div6,Dist58,1,1,42864.30237,5804685=0.00706119874474,5804685=0.00809316649807,
par65801486,2010,Div6,Dist58,1,1,41689.64091,5800868=0.0154895316806,5800868=0.0231557843606,51677; 51678
par65801533,2010,Div6,Dist58,1,1,41129.75092,5800534=0.04528;5802764=0.0025187,5800534=1.0;5802764=1.0,
par65801572,2010,Div6,Dist58,1,1,40493.36263,5802341=0.0283,5802341=1.0,
par65800557,2010,Div6,Dist58,1,1,40409.09396,5800631=0.00324082452077,5800631=0.0430514163602,37789; 37788
par65800344,2010,Div6,Dist58,1,1,40057.30699,5801975=0.0;5800684=0.0178312465921,5801975=1.0;5800684=0.07875992311,
par65801452,2010,Div6,Dist58,1,3,39995.20884,5800944=0.0251222751649,5800944=0.0237356391271,27617; 27614
par65800165,2010,Div6,Dist58,1,1,39946.60282,5800598=0.0112073460879,5800598=0.2385658412,34537; 34530
par65801436,2010,Div6,Dist58,1,1,39860.0057,5800756=0.0285943009504,5800756=0.123219430106,45046
par65800524,2010,Div6,Dist58,2,1,39522.53594,5800943=0.0110241120926;5801091=0.00539652275525,5800943=0.0263383770731;5801091=0.0263383770731,28184; 28097
par65800408,2010,Div6,Dist58,1,1,39450.797,5800624=0.04245,5800624=1.0,9091
par65801465,2010,Div6,Dist58,1,1,39425.92093,5801428=0.0690947822661,5801428=0.305188967607,7851; 7870
par65801551,2010,Div6,Dist58,1,1,39294.02071,5800878=0.0114632525845,5800878=0.202530964391,27020; 27117
par65800407,2010,Div6,Dist58,1,1,39204.23602,5800819=0.046978,5800819=1.0,9082
par65801614,2010,Div6,Dist58,1,1,38816.52549,5800911=0.0566,5800911=1.0,30456
par65801646,2010,Div6,Dist58,1,1,38806.12154,5800784=0.0386582472917,5800784=0.32836918398,
par65800281,2010,Div6,Dist58,1,1,38264.41539,5800813=0.0223771532952,5800813=0.131785355096,9722
par65801550,2010,Div6,Dist58,1,1,38111.71566,5800677=0.00607930385342,5800677=0.21481639058,27021
par65800158,2010,Div6,Dist58,1,1,36898.1867,5804685=0.0060783779323,5804685=0.00696671010442,
par65800436,2010,Div6,Dist58,1,1,35962.40545,5802604=0.026885,5802604=1.0,33877; 33876
par65800522,2010,Div6,Dist58,1,1,34874.74029,5800590=0.0293811757585,5800590=0.159723706217,18917
par65801169,2010,Div6,Dist58,1,1,34791.98535,5800805=0.0171148399964,5800805=0.0525882316682,9877
par65803179,2010,Div6,Dist58,1,1,34281.29013,5801084=0.16697,5801084=1.0,6443; 6442
par65801642,2010,Div6,Dist58,1,1,33591.22279,5800580=0.00849,5800580=1.0,33160
par65800268,2010,Div6,Dist58,1,1,33188.49292,5800622=0.0132119214595,5800622=0.0274296326906,11629; 10216
par65801516,2010,Div6,Dist58,1,1,33014.61609,5800940=0.0178433110647,5800940=0.0530728696409,
par65801523,2010,Div6,Dist58,1,1,33014.38096,5800768=0.018678,5800768=1.0,28277
par65800666,2010,Div6,Dist58,1,1,32823.7164,5800943=0.00915559491014;5801091=0.00448184632518,5800943=0.0218741889639;5801091=0.0218741889639,
par65800523,2010,Div6,Dist58,1,1,32249.32391,5800833=0.00878963402314,5800833=0.310587774669,
par65801634,2010,Div6,Dist58,1,1,32072.86291,5800595=0.0594404502806;5800895=0.0231553078687,5800595=0.617755667019;5800895=0.0629391352778,56186
par65801432,2010,Div6,Dist58,1,1,31699.54365,5800825=0.007075,5800825=1.0,9870; 9883
par65801594,2010,Div6,Dist58,1,1,30357.29515,5802000=0.0,5802000=1.0,
par65800327,2010,Div6,Dist58,1,1,30122.0004,5800541=0.00706689650501,5800541=0.0216202300797,11622
par65801481,2010,Div6,Dist58,1,1,30110.4965,5800868=0.0111873712336,5800868=0.0167243504316,53128
par65801470,2010,Div6,Dist58,1,1,29224.24321,5800829=0.00808759874224,5800829=0.0762082331424,
par65801498,2010,Div6,Dist58,1,1,29176.18623,5800548=0.021562183625,5800548=0.272112362759,
par65801441,2010,Div6,Dist58,2,1,28986.8334,5800612=0.008898923468,5800612=0.0369940697069,72461
par65801810,2010,Div6,Dist58,1,1,28849.35549,5800868=0.0107188019871,5800868=0.0160238716402,51700
par65800269,2010,Div6,Dist58,1,99,28675.03362,5800622=0.0114151700998,5800622=0.0236993478879,10194; 10196
par65801520,2010,Div6,Dist58,1,1,28422.24781,5800705=0.00566,5800705=1.0,
par65801586,2010,Div6,Dist58,1,1,28254.50415,5800915=0.0408782993453;5801635=0.0283,5800915=0.104747126497;5801635=1.0,
par65801495,2010,Div6,Dist58,1,3,28162.0066,5802502=0.0134332856507,5802502=0.863044372036,
par65800497,2010,Div6,Dist58,1,1,26638.98996,5801451=0.0,5801451=1.0,10482
par65800300,2010,Div6,Dist58,1,1,26378.85844,5800730=0.00807533965142,5800730=0.0241003117283,6959
par65801658,2010,Div6,Dist58,1,3,25910.23574,5803735=0.0257476065246,5803735=0.601535660089,
par65800427,2010,Div6,Dist58,1,1,25756.4907,5800660=0.01698,5800660=1.0,
par65801616,2010,Div6,Dist58,1,1,25556.1796,5800623=0.0134819192048,5800623=0.0326968362911,30402
par65801562,2010,Div6,Dist58,1,1,24927.12617,5802122=0.0,5802122=0.0629751215514,26633
par65800566,2010,Div6,Dist58,1,1,24449.81547,5801214=0.0354986677769,5801214=0.603062445246,44438
par65801518,2010,Div6,Dist58,1,1,23940.96198,5800695=0.0381614574555,5800695=0.113986592915,27968
par65800331,2010,Div6,Dist58,1,1,23857.58306,5800929=0.0146925344193,5800929=0.524414977311,
par65800552,2010,Div6,Dist58,3,3,23719.90034,5801591=0.0,5801591=0.0676257670227,
par65801568,2010,Div6,Dist58,1,1,23243.95099,5801038=0.00832208852768;5801039=0.00731121628216,5801038=0.294066732427;5801039=0.258346865094,
par65800348,2010,Div6,Dist58,1,1,23189.43408,5800867=0.0115889699292,5800867=0.136501412594,11366
par65800231,2010,Div6,Dist58,1,1,23003.6367,5800748=0.0226015080397,5800748=0.481108349434,9893
par65800437,2010,Div6,Dist58,1,1,22451.87315,5800871=0.009622,5800871=1.0,33911
par65800272,2010,Div6,Dist58,1,1,22172.52437,5800620=0.0283,5800620=1.0,10133; 10222
par65800332,2010,Div6,Dist58,1,1,21636.12725,5800929=0.0133244655807,5800929=0.475585022689,
par65801588,2010,Div6,Dist58,1,1,21498.60493,5800915=0.0311039402132,5800915=0.0797011718256,75630
par65800284,2010,Div6,Dist58,1,1,20920.2697,5800812=0.0104535819144,5800812=0.24625634663,9715
par65801635,2010,Div6,Dist58,1,1,19845.5,5800595=0.0367795497194,5800595=0.382244332981,72754
par65801446,2010,Div6,Dist58,1,3,19822.39407,5801899=0.0091526688639,5801899=0.323415860915,
par65801540,2010,Div6,Dist58,1,1,19176.73136,5801151=0.018961;5800537=0.00638864092028,5801151=1.0;5800537=0.0968871369035,29401
par65801585,2010,Div6,Dist58,1,1,18052.4964,5801389=0.0283,5801389=1.0,
par65800330,2010,Div6,Dist58,1,1,17995.93747,5800931=0.028017,5800931=1.0,11410
par65801462,2010,Div6,Dist58,1,1,17947.12464,5800583=0.0310558472073,5800583=0.219475951995,
par65801445,2010,Div6,Dist58,1,3,17443.07714,5801899=0.00805405787344,5801899=0.284595684574,51323
par65801657,2010,Div6,Dist58,1,3,17163.24678,5803735=0.0170555192631,5803735=0.398464339911,20386
par65801653,2010,Div6,Dist58,1,1,16822.5175,5801037=0.1132,5801037=1.0,22740
par65801477,2010,Div6,Dist58,1,1,16781.4981,5800884=0.0371437684327,5800884=0.134615451419,53091
par65801175,2010,Div6,Dist58,1,1,16572.0,5801108=0.0,5801108=1.0,12709
par65800567,2010,Div6,Dist58,1,1,16092.94368,5801214=0.0233653322231,5801214=0.396937554754,
par65801639,2010,Div6,Dist58,1,1,16049.50295,5802130=0.0,5802130=1.0,32975
par65801565,2010,Div6,Dist58,1,1,15798.98425,5803519=0.334793133175,5803519=0.170779437317,19543
par65801043,2010,Div6,Dist58,1,1,15390.33639,5802004=0.0283,5802004=1.0,37712
par65801564,2010,Div6,Dist58,1,1,15385.00295,5800766=0.080089,5800766=1.0,20252
par65801454,2010,Div6,Dist58,1,3,15281.5088,5802160=0.020376,5802160=1.0,27470
par65801499,2010,Div6,Dist58,1,1,15091.15026,5800792=0.0283,5800792=1.0,53137
par65801466,2010,Div6,Dist58,1,1,14699.90485,5801773=0.0,5801773=0.129137976847,7855
par65801496,2010,Div6,Dist58,1,3,14506.25511,5800693=0.01698,5800693=1.0,51653
par65801629,2010,Div6,Dist58,1,3,13959.20233,5803637=0.117851273002,5803637=1.0,32158
par65800565,2010,Div6,Dist58,1,1,13846.59271,5801213=0.030564,5801213=1.0,44421
par65801670,2010,Div6,Dist58,1,1,13733.78633,5800590=0.0115704027223,5800590=0.062899715805,18909
par65800821,2010,Div6,Dist58,1,1,13505.94639,5800612=0.00414630952022,5800612=0.0172367886935,51386
par65801615,2010,Div6,Dist58,1,1,13158.83034,5800623=0.00694181564889,5800623=0.0168355414676,30400
par65800550,2010,Div6,Dist58,3,3,12749.89233,5801591=0.0,5801591=0.036350121034,53451
par65801583,2010,Div6,Dist58,1,1,12454.18639,5800915=0.0180185770258,5800915=0.0461710540126,26887
par65800409,2010,Div6,Dist58,1,1,12114.6361,5801795=0.0149823767618,5801795=0.529412606424,9090
par65801447,2010,Div6,Dist58,1,3,12012.62918,5801899=0.00554663663133,5801899=0.195994227256,51300
par65801638,2010,Div6,Dist58,1,1,11569.5001,5801702=0.0292339,5801702=1.0,16959
par65801493,2010,Div6,Dist58,1,3,11414.49435,5800868=0.00424098572194,5800868=0.0063399819232,51654
par65801514,2010,Div6,Dist58,1,1,11340.81587,5800907=0.00183430971937,5800907=0.0390461432877,25743
par65800553,2010,Div6,Dist58,1,1,11257.61609,5801616=0.007075,5801616=1.0,52918
par65800433,2010,Div6,Dist58,1,1,11004.80489,5800904=0.010754,5800904=1.0,11315
par65800410,2010,Div6,Dist58,1,1,10768.52904,5801795=0.0133176232382,5801795=0.470587393576,69941
par65801542,2010,Div6,Dist58,1,1,10525.5,5800537=0.00350652250084,5800537=0.0531782784216,29414
par65801643,2010,Div6,Dist58,1,3,10393.91327,5802580=0.0018395,5802580=1.0,32931
par65801534,2010,Div6,Dist58,1,1,10265.38363,5800849=0.18395,5800849=1.0,28650
par65800232,2010,Div6,Dist58,1,1,10081.35116,5800748=0.00990511814568,5800748=0.210845888409,9902
par65800234,2010,Div6,Dist58,1,1,9796.99686,5800748=0.009625734669,5800748=0.204898775363,9927
par65800395,2010,Div6,Dist58,1,1,9008.0067,5800564=0.00184782759367,5800564=0.00287260278313,8596
par65800563,2010,Div6,Dist58,1,1,8299.15755,5801211=0.046695,5801211=1.0,42994
par65801621,2010,Div6,Dist58,1,3,7952.49945,5800706=0.0113559142648,5800706=0.100317263823,30577
par65801476,2010,Div6,Dist58,1,1,7661.50455,5800884=0.0169577917988,5800884=0.06145797517,53099
par65801457,2010,Div6,Dist58,1,3,6992.49595,5801655=0.01132,5801655=1.0,27485
par65801439,2010,Div6,Dist58,1,1,6988.99535,5801063=0.0283,5801063=1.0,51360
par65801474,2010,Div6,Dist58,1,3,6496.5,5801694=0.0,5801694=1.0,51453
par65800564,2010,Div6,Dist58,1,1,5948.0022,5801212=0.029432,5801212=1.0,42995
par65801500,2010,Div6,Dist58,1,3,5855.441265,5801091=0.000799519091502;5800943=0.00163327173527,5801091=0.00390214889553;5800943=0.00390214889553,52402
par65801579,2010,Div6,Dist58,1,3,4960.496962,5803588=0.0713385429796,5803588=1.0,26816
par65801656,2010,Div6,Dist58,1,3,4938.50335,5802796=0.00263756;5802797=0.00263756,5802796=1.0;5802797=1.0,18970
par65800252,2010,Div6,Dist58,1,1,4931.853321,5800748=0.00484563914562,5800748=0.103146986794,9761
par65801473,2010,Div6,Dist58,1,3,4526.219771,5805079=0.0,5805079=1.0,27471
par65801494,2010,Div6,Dist58,1,3,4469.0,5802502=0.00213171434926,5802502=0.136955627964,53060
par65800568,2010,Div6,Dist58,1,1,4260.0,5801933=0.0283,5801933=1.0,44453
par65801527,2010,Div6,Dist58,1,3,4255.4953,5801682=0.00283,5801682=1.0,51043
par65801483,2010,Div6,Dist58,1,1,4121.0,5800868=0.00153113240273,5800868=0.00228893761777,53125
