Name,useRegion,BaseVolume,SubRegion,Region,MinRelease,MaxRelease,MinVolume,MaxVolume,Jan,Feb,Mar,Apr,May,Jun,Jul,Aug,Sep,Oct,Nov,Dec
res4303195,True,,43,Div6,,,,,,,,,,,,,,,,
res4303196,True,,43,Div6,,,,,,,,,,,,,,,,
res4303201,False,1.9,43,Div6,,,1.9,1.9,,,,,1.0,1.0,0.9999999999999999,0.9999999999999999,1.0,1.0,0.9999999999999999,
res4303202,False,5.7,43,Div6,,,5.7,5.7,,,,,1.0,1.0,1.0,1.0,1.0,1.0,1.0,
res4303500,False,74.2368421053,43,Div6,,,6.5,650.0,,,,1.532258064516129,1.1710829493087556,1.0,1.1073461642721603,1.1710829493087556,0.9543778801843317,0.7543424317617865,0.08755760368663594,
res4303501,False,5.0,43,Div6,,,4.0,5.0,,,,,1.0,1.0,1.0,1.0,0.9666666666666666,0.9818181818181818,0.9400000000000001,
res4303502,True,5.45,43,Div6,,,,,,,,,,,,,,,,
res4303529,False,10.3333333333,43,Div6,,,2.0,17.0,,,,1.1129032258064515,0.8903225806451611,1.0,1.1225806451612903,0.5806451612903225,1.161290322580645,0.9815668202764976,0.8621700879765395,
res4303630,False,22.8,43,Div6,,,22.8,42.0,,,,,1.0382775119617225,1.0,1.0,1.0,1.0,1.070175438596491,1.0765550239234447,
res4303631,False,15.0,43,Div6,,,7.8,15.0,,,,1.0,0.9199999999999999,1.0,0.9857142857142858,1.0,1.0,1.0,1.0,
res4303632,False,66.4916666667,43,Div6,,,66.45,66.5,,,,1.000125328988595,1.0000877302920164,1.0,1.0,1.000125328988595,1.0000227870888354,0.9995613485399175,0.9994485524501818,
res4303633,False,6791.32058824,43,Div6,0.0,1058.0,0.0,8062.0,,,0.9090524569494484,0.9635905928097854,0.9938042469877004,1.0,1.0372088558660173,0.9925472975357327,0.9748564235752468,1.1004560752067194,1.1002114819660485,1.1276157413723138
res4303634,False,28.54,43,Div6,,,0.0,40.8,,,1.4278206026629292,0.5718290119131044,0.7142022891847699,1.0,0.9524643774818968,1.4278206026629292,1.4278206026629292,1.3218874094837656,1.4126903229916545,
res4303636,False,16.0930434783,43,Div6,,,16.06,16.1,,,,1.000432268871238,1.0003192895071644,1.0,1.0000345815096991,1.0004322688712377,1.0000771908698638,0.9987115062491948,0.998398640317914,
res4303638,False,5.152,43,Div6,,,0.0,5.6,,,,1.0869565217391304,1.0869565217391304,1.0,1.0869565217391304,1.0869565217391304,1.0869565217391304,0.9057971014492757,0.7763975155279506,
res4303639,False,47.0,43,Div6,,,20.0,47.0,,,,1.0,0.9796484736355227,1.0,0.9935245143385755,0.9637046307884857,0.9613152804642165,0.9639934533551554,0.9574468085106383,
res4303640,False,2.5,43,Div6,,,2.5,2.5,,,1.0,,1.0,1.0,1.0,1.0,1.0,1.0,1.0,
res4303642,False,878.755555556,43,Div6,300.0,,300.0,1036.0,0.9103783127655269,0.9388276350394497,0.6813612684604491,0.7589761922277601,0.7913534607020029,1.0,0.9466396651557485,0.8580315597815091,0.8705492615820352,0.8810565446085373,0.8619706967117446,0.9558972284038033
res4303643,False,58.5714285714,43,Div6,0.0,51.0,0.0,151.0,,,0.0,1.8001951219512196,1.7,1.0,0.48621420996818665,0.4161585365853659,0.3953786906290116,0.0,0.0,
res4303644,False,128.3016,43,Div6,0.0,100.0,0.0,287.0,,0.34294194304669623,0.5845601301932322,1.5885601957794353,1.6082949720176378,1.0,0.5218822940114022,0.37022141578904705,0.27836196675868197,0.038970675346215476,0.023382405207729287,
res4303645,False,12.1363636364,43,Div6,0.0,70.0,0.0,31.2,,1.647940074906367,2.10936329588015,2.467473350619419,1.7455430711610487,1.0,0.3626498127340824,0.21886704119850187,0.3378277153558052,0.26190476190476186,0.20187265917602998,
res4303646,False,4.41,43,Div6,,,0.0,4.41,,,,,0.953514739229025,1.0,0.8680272108843538,,1.0,0.9089191232048374,0.9999999999999998,
res4303647,False,14.1285714286,43,Div6,,,1.0,62.0,,,,1.0917593528816987,1.1150841069951283,1.0,0.6228513650151668,1.9591506572295245,0.9194135490394337,0.4246713852376137,0.3152863314642889,
res4303649,False,77.9981818182,43,Div6,20.0,28.5,20.0,82.12,,,,1.0526206904589852,1.0526713533438254,1.0,0.9460989766661229,0.8523229812216738,0.7777476578520143,0.8217084451440666,0.8918855917387356,
res4303651,False,87.0,43,Div6,,,87.0,87.0,,,,,1.0,1.0,1.0,1.0,1.0,1.0,1.0,
res4303652,False,39.2375,43,Div6,0.0,64.2,0.0,64.2,,,0.407773176170755,1.6143448778045788,1.5297157622739022,1.0,0.6082009739225414,0.5008518359488621,0.439051232297489,0.3916321546139959,0.17191346404471602,
res4303656,False,1.96848484848,43,Div6,0.0,6.7,0.0,6.7,0.7620073891625616,3.383312807881774,3.2904204785362428,1.973861899099711,2.2222906403940885,1.0,0.6858066502463054,0.3903822470632816,0.41054324028461964,0.8617610837438424,0.5384852216748769,
res4303657,False,31.6034782609,43,Div6,,,31.6,31.62,,,,0.9998899405679064,0.9999187061012947,1.0,0.9999954141903294,0.9998899405679066,0.9999762371680707,1.000364571868809,1.0004594981289894,
res4303658,False,0.866666666667,43,Div6,,,0.0,2.6,,,,0.0,1.5,1.0,3.0,,,1.5,2.4999999999999996,
res4303659,False,300.9375,43,Div6,,,300.7,301.0,,,,,1.0001079958463137,1.0,1.0001490440412928,1.0001490440412928,1.0000264325497972,0.999293873312565,0.9993014254696498,
res4303660,False,10.2052173913,43,Div6,,,10.2,10.23,,,,0.9994887525562375,0.9996223740472207,1.0,1.0000766871165643,0.9994887525562375,0.9999087058136139,1.0017500393267271,1.002161182375907,
res4303662,False,0.741666666667,43,Div6,,,0.1,1.0,,,,,0.9303370786516855,1.0,0.9303370786516855,0.9303370786516855,0.7314606741573034,0.9033707865168538,0.9683350357507658,
res4303668,False,121.105263158,43,Div6,,,0.0,135.0,,,,1.1147327249022163,1.0669274228596262,1.0,1.0495436766623207,1.0734463276836157,1.0117919745038388,0.05930227964126269,0.06605823554976097,
res4303669,False,67.3666666667,43,Div6,0.0,62.8,0.0,77.8,1.1548738248391888,,,1.1214070442175341,1.1174666006927265,1.0,0.9788333608224752,0.8022902382130488,0.8398812469074718,0.6876546264225633,0.6822904952543748,
res4303670,False,2.95545454545,43,Div6,,,0.0,3.07,,,,0.688557366964011,1.037629447349533,1.0,0.917700536587033,1.0339639085409618,0.8494886188864963,0.7338730939930571,0.6263371953928705,
res4303671,False,75.6619512195,43,Div6,0.0,50.0,0.0,124.16,,,,0.8283027200577667,1.1001698827261182,1.0,0.8840601280774838,0.8356688178698146,0.6841542361796124,0.5233566036817985,0.42673063814598367,
res4303672,False,8.32083333333,43,Div6,0.0,15.7,0.0,20.0,,1.5983975963945918,,1.7305958938407606,1.5680362649237014,1.0,0.8795693540310464,0.7293440160240359,1.4141211817726587,1.6304456685027537,1.5983975963945918,
res4303696,False,3.0,43,Div6,,,3.0,3.0,,,,,1.0,1.0,1.0,1.0,1.0,1.0,1.0,
res4303697,False,3.0,43,Div6,,,3.0,3.0,,,,,1.0,1.0,1.0,1.0,1.0,1.0,1.0,
res4303698,False,7.0,43,Div6,,,7.0,7.0,,,,,1.0,1.0,1.0,1.0,1.0,1.0,1.0,
res4303699,False,12.0,43,Div6,,,12.0,12.0,,,,,1.0,1.0,1.0,1.0,1.0,1.0,1.0,
res4303716,False,5.88,43,Div6,,,5.88,5.88,,,,1.0000000000000002,1.0,1.0,1.0,1.0,0.9999999999999999,1.0000000000000002,1.0000000000000002,
res4303717,False,78.2285714286,43,Div6,,,4.0,94.6,,,,0.5990990990990991,1.2092768444119792,1.0,1.0175310445580714,0.05113221329437546,0.6493791088385683,0.5610340069799529,0.3747991234477721,
res4303718,False,1.13333333333,43,Div6,,,0.8,1.3,,,,1.1470588235294117,1.1470588235294117,1.0,1.1470588235294117,1.1470588235294117,1.1470588235294117,1.147058823529412,1.147058823529412,
res4303719,False,1.3,43,Div6,,,0.01,1.3,,,,1.0,1.0,1.0,1.0,1.0,0.8461538461538461,0.8608974358974361,0.8482517482517484,
res4303722,False,61.5368421053,43,Div6,0.0,42.5,0.0,84.0,,0.6500171057133082,0.8345755339426224,1.2211035628757145,1.0264853461055992,1.0,0.834712243889459,0.856568593910366,1.0408398905234346,0.6039742273919488,0.49563804310639753,
res4303723,False,17.0555555556,43,Div6,,,0.0,25.0,,1.1248534201954399,0.7411074918566775,1.25435667752443,1.0228013029315959,1.0,0.9611970684039087,0.9091396819314045,1.1009771986970684,0.9541012733195143,0.7747789669613773,0.058631921824104226
res4303731,True,0.07,43,Div6,,,,,,,,,,,,,,,,
res4303732,True,1.25,43,Div6,,,,,,,,,,,,,,,,
res4303733,True,11.375,43,Div6,,,,,,,,,,,,,,,,
res4303736,False,2.0,43,Div6,,,2.0,2.0,,,,,1.0,1.0,1.0,1.0,1.0,1.0,1.0,
res4303737,False,2.0,43,Div6,,,2.0,2.0,,,,,1.0,1.0,1.0,1.0,1.0,1.0,1.0,
res4303738,False,6.0,43,Div6,,,6.0,6.0,,,,,1.0,1.0,1.0,1.0,1.0,1.0,1.0,
res4303739,False,0.625,43,Div6,0.0,0.75,0.0,0.75,,,,1.2,0.96,1.0,1.2,0.9,0.8,1.0,1.0,
res4303740,False,9.0,43,Div6,,,0.0,25.0,,,,0.1111111111111111,1.3333333333333333,1.0,0.2111111111111111,0.06666666666666667,0.31805555555555554,0.6481481481481481,0.6481481481481481,
res4303743,False,15.5,43,Div6,,,2.5,25.0,,,,0.25806451612903225,1.6129032258064515,1.0,0.30048387096774193,0.2916129032258064,0.6774193548387096,0.7096774193548387,0.7903225806451613,
res4303751,True,,43,Div6,,,,,,,,,,,,,,,,
res4303752,True,,43,Div6,,,,,,,,,,,,,,,,
res4303754,False,2.35,43,Div6,,,2.0,2.5,,,,1.0638297872340425,1.028368794326241,1.0,1.0638297872340425,1.0638297872340425,0.9929078014184397,1.0251450676982592,1.0251450676982592,
res4303755,False,1.5,43,Div6,,,1.5,1.5,,,,1.0,1.0,1.0,1.0,1.0,1.0,1.0,1.0,
res4303756,False,1.12,43,Div6,,,1.0,1.2,,,,1.0714285714285714,1.0416666666666667,1.0,1.0714285714285714,1.0714285714285714,1.011904761904762,1.0389610389610389,1.038961038961039,
res4303757,False,3.52,43,Div6,0.0,2.0,0.0,5.05,,,,0.5681818181818181,1.0961174242424243,1.0,0.8522727272727272,0.6676136363636364,0.46519886363636354,0.737345041322314,0.5991735537190083,
res4303759,False,1.2,43,Div6,,,0.0,1.2,,,,0.0,1.0,1.0,,,0.0,0.75,1.0,
res4303761,False,5.328,43,Div6,0.0,4.0,0.0,6.32,,,,0.5630630630630631,1.0310310310310309,1.0,0.8164414414414414,0.6456456456456456,0.4138513513513513,0.5647693147693148,0.4910592410592411,
res4303762,False,3.0,43,Div6,,,3.0,3.0,,,,1.0,1.0,1.0,1.0,1.0,1.0,1.0,1.0,
res4303763,False,1.5,43,Div6,,,1.5,1.5,,,,1.0,1.0,1.0,1.0,1.0,1.0,1.0,1.0,
res4303766,False,2.41,43,Div6,,,2.15,2.5,,,,1.0373443983402488,1.0131396957123098,1.0,1.0373443983402488,1.0373443983402488,0.9958506224066389,1.0109392682006788,1.0109392682006788,
res4303767,False,5.08333333333,43,Div6,,,0.0,6.25,,,,0.4426229508196722,1.0398126463700235,1.0,0.7868852459016394,0.7868852459016394,0.777049180327869,0.6557377049180328,0.5320417287630402,
res4303768,True,,43,Div6,,,,,,,,,,,,,,,,
res4303769,False,358.129032258,43,Div6,0.0,114.43,0.0,503.0,,,,1.102605386416862,1.2187709831152456,1.0,0.882164088838562,0.6553552016101479,0.5773557531461513,0.11727616645649433,0.08173793419695059,
res4303770,False,1.43,43,Div6,,,1.25,1.5,,,,1.0489510489510487,1.0198135198135196,1.0,1.0489510489510487,1.0489510489510487,0.9906759906759907,1.0171646535282899,1.0171646535282899,
res4303771,False,0.943333333333,43,Div6,0.0,2.0,0.0,1.75,,,,1.0600706713780919,1.0464411913175165,1.0,1.2190812720848054,0.7950530035335689,0.44734982332155476,0.29240282685512364,0.1599743013170575,
res4303772,False,28.5333333333,43,Div6,,,8.0,30.0,,0.7885514018691588,,1.0251168224299065,0.9398895497026337,1.0,0.8936915887850467,0.8824265687583444,0.8984706881903143,0.8961949265687583,0.5373831775700935,
res4303774,False,25.25,43,Div6,5.0,13.0,5.0,50.0,,1.2805280528052807,0.8712871287128713,1.559145388223033,1.2535514421007317,1.0,0.9140735502121641,0.7847451411807846,0.6629358588032717,0.8311620635747785,1.00990099009901,1.0297029702970297
res4303780,True,,43,Div6,,,,,,,,,,,,,,,,
res4303801,True,,43,Div6,,,,,,,,,,,,,,,,
res4303803,True,,43,Div6,,,,,,,,,,,,,,,,
res4303893,False,31.42,43,Div6,,,6.0,54.8,,,0.4774029280712921,0.5742980408798357,0.7511139401654996,1.0,0.8410248249522596,0.62937619350732,0.598345003182686,0.7471355824315722,0.46148949713558235,
res4303894,False,5.0875,43,Div6,,,0.0,23.7,,,,0.131040131040131,1.5528255528255526,1.0,0.0,0.0,0.0,0.49140049140049136,0.0,
res4303895,False,27.8,43,Div6,,,0.0,27.8,,,,1.0,0.6666666666666667,1.0,1.0,0.35611510791366907,0.5731414868105514,0.6361767728674204,0.09352517985611511,
res4303896,True,,43,Div6,,,,,,,,,,,,,,,,
res4303897,False,26.4,43,Div6,,,0.0,28.3,,,,0.971212121212121,0.7984006734006734,1.0,0.8704545454545454,0.7443181818181817,0.5931818181818181,0.7548701298701298,0.8194444444444445,
res4303904,False,44.2485714286,43,Div6,,,0.0,85.0,,,,0.7288370891715634,0.8067274786297194,1.0,0.9407809775941112,1.0680960449587307,0.9334069269014709,1.4868990290668234,1.3186866404080846,
res4304249,False,13.6833333333,43,Div6,,,13.6,16.6,,,,0.9939098660170517,0.9939098660170523,1.0,0.9939098660170522,0.9939098660170522,0.9939098660170523,0.9939098660170514,0.9939098660170514,
res4304250,False,5.0,43,Div6,,,5.0,5.0,,,,1.0,1.0,1.0,1.0,1.0,1.0,1.0,1.0,
res4304272,False,9.15625,43,Div6,,,0.0,38.3,,,2.419112627986348,1.3378839590443685,0.4004550625711035,1.0,2.910580204778157,0.08191126279863481,0.32764505119453924,0.5392491467576792,0.3707849829351536,
res4304273,True,,43,Div6,,,,,,,,,,,,,,,,
res4304280,False,27.704,43,Div6,,,5.0,31.02,,,,0.9208056598325152,0.9386238941537816,1.0,0.8710835980363846,0.7854461449610164,0.726700115506786,0.830205024545192,0.8783328520550582,
res4304284,False,39.408,43,Div6,,,0.0,40.71,,,1.0327852212748676,0.9747451943942768,0.9986222011699073,1.0,0.9703296285018269,0.9474763537390414,0.9770858708891594,0.9284021160230226,0.8842367032074702,
res4304291,False,35.3475,43,Div6,,,16.0,36.7,,,,,0.9150145911555144,1.0,0.977802026815394,0.9884544575824015,1.028805835935053,1.0160548836551377,1.0382629606054168,
res4304294,False,1.0,43,Div6,,,1.0,1.0,,,,1.0,1.0,1.0,1.0,1.0,1.0,1.0,1.0,
res4304305,True,,43,Div6,,,,,,,,,,,,,,,,
res4304307,False,6.5,43,Div6,,,6.5,6.5,,,,,1.0,1.0,1.0,1.0,1.0,1.0,1.0,
res4304308,False,50.8846153846,43,Div6,,,0.0,100.0,,,,1.0407860922146637,1.002267573696145,1.0,0.9433106575963719,0.9584965299251014,0.9138321995464852,0.7652838913343114,0.8214663643235071,
res4304320,False,18.8666666667,43,Div6,,,14.0,19.0,,,1.0070671378091873,0.9979285975386865,1.0070671378091873,1.0,1.0007067137809187,0.9943070278759325,0.9938162544169611,0.9717314487632508,0.9593639575971732,
res4304322,False,1.0,43,Div6,,,1.0,1.0,,,,1.0,1.0,1.0,1.0,1.0,1.0,1.0,1.0,
res4304326,False,3.0,43,Div6,,,1.0,3.0,,,,1.0,1.0,1.0,,0.75,1.0,0.8666666666666667,0.8333333333333334,
res4304327,False,12.0,43,Div6,,,12.0,12.0,,,,,1.0,1.0,1.0,1.0,,1.0,1.0,
res4304351,False,5.0,43,Div6,,,5.0,5.0,,,,1.0,1.0,1.0,1.0,1.0,1.0,1.0,1.0,
res4304433,False,12987.2333333,43,Div6,153.0,6150.0,153.0,13800.0,0.6800524617765652,0.3991227282177112,0.9145391499857553,1.0036965568219824,1.0379026483162497,1.0,0.9959455252011788,1.0379520144141554,1.044945922924754,0.9182998108175576,0.8730221877235482,0.6800524617765652
res4304446,False,7.17708333333,43,Div6,0.0,13.0,0.0,13.0,,,0.06966618287373004,0.911993666710648,0.7572714078374456,1.0,1.0763425253991292,1.036035662450757,0.859827362309984,0.7129172714078374,0.27866473149492016,
res4304461,False,7.15714285714,43,Div6,,,0.0,7.4,,,1.0339321357285427,0.8271457085828342,0.835218451984919,1.0,1.033932135728543,1.033932135728543,1.033932135728543,1.0339321357285431,1.0339321357285427,1.0339321357285427
res4304463,False,24.81,43,Div6,,,12.0,24.83,,,1.0008061265618695,0.9355602579604991,0.9820984308329511,1.0,0.9999748085449416,1.0,0.9999869979586796,1.0005642885933081,1.0006962002125233,1.0008061265618695
res4304497,False,73.4545454545,43,Div6,0.0,134.5,0.0,143.0,,,,0.8118160500260552,0.9053217821782178,1.0,0.4900990099009901,0.3839108910891089,0.39820544554455445,0.40274339933993397,0.38935643564356437,
res4304499,False,31.1666666667,43,Div6,1.0,34.0,1.0,34.0,,,,1.0199831128623698,0.9399182132746146,1.0,0.9654837141468157,0.9625668449197861,0.9144385026737968,0.37540106951871655,0.5213903743315508,
res4304504,False,62.8,43,Div6,,,0.0,81.0,,,1.2898089171974523,0.998407643312102,1.1165230423379544,1.0,0.9812898089171975,0.8089171974522293,0.8379777070063694,0.5095541401273885,0.5796178343949044,
res4403504,False,35.6090909091,44,Div6,0.0,50.0,0.0,51.0,,,,0.0,0.9840183814143478,1.0,1.237605310186367,0.5775678665645477,0.9323461833035485,0.0,,
res4403627,True,,44,Div6,,,,,,,,,,,,,,,,
res4403673,False,39.6416666667,44,Div6,18.9,20.7,18.9,40.7,1.0039941139373556,,,1.0014715156611314,1.0036517613141538,1.0,1.0020320930558475,0.9981921379020393,1.00651671221358,0.8274122346016399,,
res4403674,False,68.01875,44,Div6,43.3,24.7,43.3,418.0,,,1.0056050721308467,1.0063401635578428,1.3283102085821925,1.0,0.9719039574777882,0.9758338693374989,1.9703390609207028,1.0043799197525194,,
res4403675,False,61.89,44,Div6,0.0,26.8,0.0,95.4,,,,0.9667689987612433,0.9982765120913452,1.0,0.6269187267733077,0.5906536686953556,0.9376851403026879,1.1264609252975715,,
res4403677,False,93.4733333333,44,Div6,0.0,76.0,0.0,140.0,0.0,,,1.1664645888310394,1.0642607517295484,1.0,0.7376716879567866,0.40369133799301044,0.24116885895646328,0.0,,
res4403681,False,190.92,44,Div6,,,32.0,206.0,,,,,1.0262588169564912,1.0,0.8337822872706595,0.7596550038410504,0.6333804734967526,0.916614288707312,0.9428032683846638,
res4403682,False,69.8,44,Div6,0.0,74.0,0.0,74.7,0.0,,,0.7020057306590257,0.8286080530839994,1.0,1.0168012503256056,0.8773418558518845,0.798233046800382,0.3131168417701368,0.22492836676217762,
res4403683,False,110.545,44,Div6,0.0,121.0,0.0,121.0,0.0,,,0.9272242073363788,1.0408028907282605,1.0,1.0465630077552823,0.8895537046968589,0.6894628130324001,0.1839974670948482,0.7797729431453254,
res4403686,False,99.6142857143,44,Div6,0.0,233.7,0.0,242.8,0.0,,,1.8495625985945787,1.5305145242761764,1.0,0.6668220278215976,0.6120881842952688,0.5607342607199196,0.53952547126217,0.0,
res4403688,False,47.055,44,Div6,0.0,113.0,0.0,113.0,0.0,,,,0.8275118781972464,1.0,1.0504445152835336,0.5049675911167784,0.42014663691424925,0.056635851662947614,0.010625863351397301,
res4403689,False,1029.76190476,44,Div6,0.0,730.0,0.0,1329.0,0.040786127167630054,,,0.44973891329479765,1.1013396803808226,1.0,0.7427407736771898,0.4151956531791907,0.5188257572254336,0.25054335260115607,,
res4403693,True,,44,Div6,,,,,,,,,,,,,,,,
res4403695,False,35.6,44,Div6,,,31.0,36.0,,,0.9831460674157303,1.0018726591760299,1.0024077046548958,1.0,0.9906367041198502,0.970661672908864,0.945692883895131,1.0042134831460674,0.9831460674157303,
res4403700,False,3.0,44,Div6,,,3.0,14.0,,,,,1.0,1.0,1.9166666666666667,1.0,1.0,1.0,,
res4403701,False,231.925,44,Div6,0.0,278.0,0.0,279.8,,,,,1.1984046566778048,1.0,0.8163246176846901,1.0202334679694884,0.9434084294491751,1.038913441845424,0.937084546009845,
res4403702,False,22.6235294118,44,Div6,0.0,10.0,0.0,26.0,0.0,,,0.5039001560062403,0.8549358641012309,1.0,0.9555618588379899,0.7569552782111284,0.8044721788871555,0.06630265210608426,0.9061362454498181,
res4403706,False,100.545454545,44,Div6,0.0,106.0,0.0,109.5,0.0,,,,0.8945492120898991,1.0,0.7337869991434283,0.6520587007928779,0.2722151898734177,0.0,0.0,
res4403721,False,71.9416666667,44,Div6,0.0,110.0,0.0,143.2,0.3475037646241168,,,1.1550886134599792,0.8427721735101407,1.0,0.8321556816865517,0.6319355959689564,0.44410981118962123,0.5731495424533766,,
res4403722,False,13.15,44,Div6,0.0,53.6,0.0,53.6,,,,3.206273764258555,1.9540684410646394,1.0,0.0,0.0,,0.0,,
res4403723,False,22.2571428571,44,Div6,0.0,,0.0,25.0,,,0.9749679075738126,0.9749679075738126,0.9935012836970474,1.0,0.8708133971291865,0.8164313222079589,0.8371844244758238,0.9345314505776637,0.9749679075738126,
res4403736,False,250.428571429,44,Div6,,,0.0,720.0,0.0,,0.9184255561893897,1.2321100335932054,0.7245293782087849,1.0,0.4285985928883818,1.0182544209925841,0.9960068454078722,0.2316029663434113,,
res4403738,False,122.29375,44,Div6,103.7,,103.7,137.0,0.9240047017938366,,,1.0290795727500384,1.0456380640874943,1.0,0.9476012820419222,0.9174630755864467,0.8814841314458016,0.9916696478765268,,
res4403739,False,26.0909090909,44,Div6,0.0,81.0,0.0,81.0,0.0,,,,0.886241911398706,1.0,0.6186318234610917,0.2674941927990709,0.09375871080139374,,0.0,
res4403790,False,128.6125,44,Div6,,,50.0,141.9,,,,,0.9752162503644671,1.0,0.9595684711828166,0.8890076781028283,1.009233161628924,0.8996015161823308,0.544270580231315,
res4403824,False,83.0266666667,44,Div6,0.0,101.0,0.0,136.0,,0.0,1.638027942829613,1.2911514372892243,1.2203910390236068,1.0,0.6321852653057368,0.5021387798005752,0.2782238638188534,0.27495469040354215,0.0,
res4403902,False,15198.08,44,Div6,1308.0,3469.0,1308.0,31496.0,1.0345714721859602,1.1768197035415,0.9211595900835594,0.8648663312936694,1.0308645098803653,1.0,1.0103723628247778,0.9522611847461433,0.9036910202507574,0.6171002607194318,0.9006400808523182,1.0112297079631112
res4403912,False,482.714285714,44,Div6,,,55.0,554.0,,,,1.1476768274637466,1.1436089214130054,1.0,1.1476768274637466,1.1472625036993191,1.1476768274637466,0.7888724474696656,1.1476768274637466,
res4403925,False,102.6125,44,Div6,,,0.0,105.4,,,,,1.0206683721119096,1.0,0.9638201973443782,0.964210013399927,0.9801924716774272,0.7041052503349982,0.44341576318674625,
res4403929,False,65.3,44,Div6,,,30.0,70.6,,,,,1.0719754977029097,1.0,0.9841755997958143,,0.7656967840735069,0.877488514548239,0.7656967840735069,
res4404023,True,,44,Div6,,,,,,,,,,,,,,,,
res4404024,True,,44,Div6,,,,,,,,,,,,,,,,
res4404025,True,,44,Div6,,,,,,,,,,,,,,,,
res4404042,True,,44,Div6,,,,,,,,,,,,,,,,
res4404043,True,,44,Div6,,,,,,,,,,,,,,,,
res4404051,False,10.0,44,Div6,,,10.0,10.0,,,,,1.0,1.0,1.0,1.0,1.0,1.0,,
res4404381,False,50.0,44,Div6,25.0,25.0,25.0,50.0,,,,1.0,0.9545454545454546,1.0,1.0,1.0,0.995,1.0,1.0,
res4404436,False,807.0,44,Div6,,,806.0,807.0,,,,1.0,1.0,1.0,1.0,1.0,1.0,0.999793473771169,1.0,
res4404437,False,25.1666666667,44,Div6,,,0.0,30.0,,,,1.1920529801324502,1.1920529801324502,1.0,1.1523178807947019,1.1655629139072847,,0.6913907284768211,,
res4404453,False,49.2,44,Div6,,,44.8,50.3,,,1.0223577235772359,1.0223577235772359,1.005226480836237,1.0,1.0157058388765707,1.0223577235772359,1.0020325203252032,1.0076219512195124,1.0223577235772359,
res5403519,True,119.0,54,Div6,,,,,,,,,,,,,,,,
res5403520,True,30.8333333333,54,Div6,,,,,,,,,,,,,,,,
res5403589,False,309.766153846,54,Div6,0.0,400.0,0.0,400.0,,,,0.9652442537298608,1.1600202137592626,1.0,0.5055719902403256,0.3478635812803523,0.2700424141287721,0.2824711444861633,0.8393428293303138,
res5403590,True,,54,Div6,,,,,,,,,,,,,,,,
res5403591,False,44.2625,54,Div6,,,20.0,44.3,,,,1.000847218299915,0.9985879695001411,1.0,0.4970347359502965,0.6777746399322225,0.5901157865009883,,,
res5403593,True,,54,Div6,,,,,,,,,,,,,,,,
res5403780,False,230.277777778,54,Div6,0.0,259.05,0.0,385.45,,,,,1.2174427020506633,1.0,1.005524728588661,0.23247575392038597,0.2543015681544029,0.1794571773220748,0.5428226779252111,
res5403944,False,173.062857143,54,Div6,,,150.0,173.44,,,,,0.9996367958792841,1.0,0.9745977239208434,0.9996367958792841,0.8956283431288383,0.8956283431288383,,
res5403945,True,45.3428571429,54,Div6,,,,,,,,,,,,,,,,
res5403946,False,66.275,54,Div6,,,50.0,81.0,,,,,0.967182195397963,1.0,0.9143719351188231,0.9686910599773672,0.9753300641267447,0.9686910599773672,0.9686910599773672,
res5403948,True,69.5384615385,54,Div6,,,,,,,,,,,,,,,,
res5404359,True,15.0,54,Div6,,,,,,,,,,,,,,,,
res5404454,True,15.0,54,Div6,,,,,,,,,,,,,,,,
res5404473,True,,54,Div6,,,,,,,,,,,,,,,,
res5603502,False,30.54,56,Div6,,,0.0,54.55,,,,1.6912246234446628,1.679000218292949,1.0,0.1191879502292076,0.0,0.0,,,
res5603506,True,2.0,56,Div6,,,,,,,,,,,,,,,,
res5603560,True,,56,Div6,,,,,,,,,,,,,,,,
res5603654,False,2.114,56,Div6,,,1.49,4.21,,,,1.728949858088931,1.337117628508357,1.0,0.7899716177861874,0.794701986754967,1.3954588457899717,1.6603595080416271,,
res5603655,True,11.034,56,Div6,,,,,,,,,,,,,,,,
res5603656,False,4.19,56,Div6,,,0.56,7.27,,,,1.4045346062052506,1.5417661097852031,1.0,0.1336515513126492,0.1336515513126492,1.3031026252983295,,,
res5603710,False,26.125,56,Div6,0.0,24.54,0.0,37.17,,0.9569377990430622,0.9622966507177033,1.2757256778309407,1.1066794258373205,1.0,0.6886472379295346,0.5797607655502393,0.3814992025518341,0.19138755980861244,1.2382775119617226,
res5603711,True,3.495,56,Div6,,,,,,,,,,,,,,,,
res5603712,False,11.3333333333,56,Div6,,,0.0,18.36,,,,0.838235294117647,0.644313725490196,1.0,,0.0,0.0,0.0,,
res5603713,False,5.29333333333,56,Div6,,,0.0,9.0,,,0.37783375314861456,1.5831234256926952,1.1316120906801006,1.0,,1.2594458438287153,0.37783375314861456,0.18891687657430728,,
res5603714,False,19.0,56,Div6,,,0.0,20.0,,,,0.7736842105263158,0.996140350877193,1.0,0.0,0.0,0.0,0.3157894736842105,,
res5603715,False,239.5,56,Div6,,,1.0,364.0,,,,0.8718162839248434,0.7244258872651357,1.0,,0.8350730688935282,0.3653444676409186,0.34494482552937666,,
res5603740,False,50.4285714286,56,Div6,0.0,98.32,0.0,98.32,,,1.6567327667610954,1.4490084985835694,1.57792492917847,1.0,0.342158125160958,0.3271954674220963,0.04475920679886685,0.3470254957507082,1.0737960339943342,
res5603901,True,,56,Div6,,,,,,,,,,,,,,,,
res5603903,True,,56,Div6,,,,,,,,,,,,,,,,
res5603904,True,,56,Div6,,,,,,,,,,,,,,,,
res5603921,False,80.8,56,Div6,,,0.0,130.0,,,,0.46488242574257427,0.698844884488449,1.0,0.556930693069307,0.5866336633663366,0.43316831683168316,0.627970297029703,,
res5604452,False,12.7692307692,56,Div6,0.0,20.0,0.0,21.0,1.5662650602409638,,1.1075731497418244,1.3425129087779688,0.8875502008032128,1.0,0.3502342704149933,0.2192771084337349,0.0,0.7831325301204819,,
res5604453,False,100.0,56,Div6,,,0.0,413.0,,4.0,0.0,0.675,0.65375,1.0,0.003333333333333333,0.0,0.0,3.0,,
res5703500,False,13.59,57,Div6,4.9,51.3,4.9,29.32,0.9185062545989698,0.9446897228354182,1.0063071586250396,1.023137928215191,1.1810680121938397,1.0,0.9086226503445045,0.9012345679012347,0.9279932723641333,1.0666719226321877,1.0352317880794701,0.8175946365791841
res5703501,False,210.0,57,Div6,65.0,171.1,65.0,210.0,1.0,1.0,1.0,1.0,0.9261904761904762,1.0,1.0,0.9841269841269841,0.960952380952381,0.7958128571428573,0.8109152116402116,1.0
res5703502,True,,57,Div6,,,,,,,,,,,,,,,,
res5703515,True,,57,Div6,,,,,,,,,,,,,,,,
res5703516,False,82.0066666667,57,Div6,26.9686,15.0,26.9686,82.04,,,,0.7008259491098283,0.9954844765022799,1.0,0.9999187057962766,0.9755304446792943,0.6886318185513371,0.9189681917951975,0.9162747511816691,
res5703519,True,,57,Div6,,,,,,,,,,,,,,,,
res5703522,True,,57,Div6,,,,,,,,,,,,,,,,
res5703523,False,8.34,57,Div6,,,0.04,15.09,0.7486011191047162,1.0083932853717026,0.9074340527577939,1.2093182596779721,1.0052573325954621,1.0,1.1082134292565946,1.0792865707434054,1.2150779376498801,0.9637520752628665,1.0070307390451274,0.8920863309352519
res5703532,True,0.72,57,Div6,,,,,,,,,,,,,,,,
res5703533,True,0.875,57,Div6,,,,,,,,,,,,,,,,
res5703534,False,2.2,57,Div6,,,2.2,2.2,,,,1.0,1.0,1.0,1.0,1.0,,0.9999999999999998,0.9999999999999998,
res5703535,False,5.115,57,Div6,,,0.0,5.13,,,,1.002932551319648,0.501466275659824,1.0,1.002932551319648,1.002932551319648,,0.9999999999999998,0.9999999999999998,
res5703536,True,,57,Div6,,,,,,,,,,,,,,,,
res5703537,True,,57,Div6,,,,,,,,,,,,,,,,
res5703538,True,,57,Div6,,,,,,,,,,,,,,,,
res5703539,True,,57,Div6,,,,,,,,,,,,,,,,
res5703541,False,4.9,57,Div6,0.0,15.0,0.0,12.0,,,,1.7551020408163263,1.9152276295133437,1.0,0.5306122448979592,1.3605442176870748,,0.9003601440576231,0.6722689075630252,
res5703543,False,2.0,57,Div6,,,0.5,2.0,,1.0,,1.0,1.0,1.0,1.0,0.25,,0.9642857142857143,0.9625,
res5703546,True,,57,Div6,,,,,,,,,,,,,,,,
res5703547,True,,57,Div6,,,,,,,,,,,,,,,,
res5703549,False,10.7018181818,57,Div6,0.0,20.0,0.0,35.0,,,1.0278627251104315,1.0883252383522217,0.9759089364593951,1.0,0.8385224018251541,0.8848340695435497,0.21136595310907239,0.25576155283724095,0.3027268093781855,
res5703550,True,,57,Div6,,,,,,,,,,,,,,,,
res5703551,False,5.35,57,Div6,,,0.0,6.8,,,,0.7788161993769471,1.0392523364485982,1.0,,,0.44392523364485986,0.6384653221839647,0.6237088047220856,
res5703555,False,60.395,57,Div6,,,1.0,116.79,,,,0.06623064823246957,0.09816328220169597,1.0,0.06623064823246957,0.016557662058117394,0.03311532411623479,0.34679540848832147,0.2995984372720858,
res5703556,True,,57,Div6,,,,,,,,,,,,,,,,
res5703557,True,,57,Div6,,,,,,,,,,,,,,,,
res5703560,False,51.8076923077,57,Div6,0.0,271.0,0.0,420.0,,0.05431625835189309,1.9929472902746845,3.3226726057906455,2.0798069784706756,1.0,1.4079848222387197,1.3028953229398663,0.0,0.7066554954572772,0.5201175676587704,
res5703561,True,,57,Div6,,,,,,,,,,,,,,,,
res5703562,True,,57,Div6,,,,,,,,,,,,,,,,
res5703564,False,6.87272727273,57,Div6,,,0.0,24.8,,,0.5820105820105821,1.396825396825397,0.7438804563492064,1.0,0.29100529100529104,0.6183862433862435,0.5820105820105821,0.3007054673721341,0.5546218487394958,
res5703571,False,197.368222222,57,Div6,0.04,226.0,0.04,301.27,,,,0.870976077427752,1.1027728442748652,1.0,0.3372879500427895,0.38493869890120774,0.21839454382180495,0.24703240270842616,0.273283608641265,
res5703572,False,334.88925,57,Div6,0.0,452.0,0.0,553.0,,1.1944247239945743e-05,1.311627650036542,1.3356884173131633,1.40011660571368,1.0,0.8208598599600998,0.45570886494564994,0.18065673950417938,0.5780064816737388,0.595845736517914,0.2508291920388606
res5703573,True,,57,Div6,,,,,,,,,,,,,,,,
res5703574,False,89.7271428571,57,Div6,0.0,200.0,0.0,326.18,,,,1.1144899616297026,1.2420851311117833,1.0,1.302355633746756,0.6480499079219006,0.39695903453326753,0.4720261958211933,0.4982479349369444,
res5703575,False,65.25,57,Div6,,,0.0,385.0,,,1.4559386973180077,1.1088573360378635,1.5159642401021711,1.0,0.5418441890166028,1.0377006385696042,1.4356628352490421,0.7360161322847347,0.8190734935562521,
res5703576,False,71.3333333333,57,Div6,,,18.0,280.0,,,0.8551401869158879,0.9205607476635516,1.1214953271028039,1.0,1.1476168224299066,1.2782242990654207,1.1407193925233645,0.7788545253320217,0.8009197111299916,
res5703577,True,,57,Div6,,,,,,,,,,,,,,,,
res5703578,True,,57,Div6,,,,,,,,,,,,,,,,
res5703579,True,,57,Div6,,,,,,,,,,,,,,,,
res5703582,False,15.75,57,Div6,,,0.0,21.0,,,,1.3015873015873016,1.307936507936508,1.0,0.0,0.012698412698412698,0.025396825396825397,0.018140589569160998,0.01670843776106934,
res5703583,False,975.82384,57,Div6,0.0,965.0,0.0,1267.0,1.012437859685822,0.9331448594246273,0.6354724844599,0.9738901234468714,0.9748599627445997,1.0,0.9375013361491085,0.9399997510479624,0.8812505885625147,0.8808612265666564,0.9035348137615304,1.0119820909478907
res5703585,False,12.095,57,Div6,,,0.0,24.0,,,0.4960727573377429,1.463900979986869,1.190574617610583,1.0,1.2401818933443574,1.0748243075651096,0.7606448945845391,0.7086606035551881,0.7084134658590506,
res5703587,False,9.10685714286,57,Div6,0.0,55.0,0.0,20.0,,,0.0,0.6176664365940893,0.9388310221497146,1.0,1.062778440107925,0.7835853673840747,0.2695271723319662,0.6413149503442532,0.6463061942763266,
res5703610,False,13.6,57,Div6,,,10.0,14.0,,,1.0,0.9987237394957982,1.00328125,1.0,0.9586764705882355,1.0,0.9460784313725491,0.9384276018099545,0.9406900452488686,
res5703611,True,,57,Div6,,,,,,,,,,,,,,,,
res5703612,True,,57,Div6,,,,,,,,,,,,,,,,
res5703619,True,,57,Div6,,,,,,,,,,,,,,,,
res5703639,False,8.65,57,Div6,,,3.1,10.5,,,,,0.9094412331406552,1.0,,0.3583815028901734,1.0115606936416184,0.9999999999999998,0.9999999999999998,
res5703640,False,9.15,57,Div6,,,2.4,15.0,,,,1.2459016393442623,1.0210772833723654,1.0,,0.2622950819672131,0.9981785063752276,0.9464480874316942,0.9736711376055641,
res5703641,False,7.3,57,Div6,,,2.2,9.0,,,,1.2328767123287672,0.9223744292237445,1.0,,0.30136986301369867,1.0410958904109588,0.978829389788294,1.0000000000000002,
res5703642,False,0.675,57,Div6,,,0.4,0.8,,,,1.1111111111111112,0.9629629629629629,1.0,,0.5925925925925927,0.8333333333333334,0.9703703703703705,0.9831649831649834,
res5703644,True,4.0,57,Div6,,,,,,,,,,,,,,,,
res5703654,False,4.75,57,Div6,,,3.0,5.0,,,,,0.9263157894736843,1.0,0.9473684210526315,,1.0526315789473684,1.0175438596491226,1.0225563909774436,
res5703655,False,40.0,57,Div6,20.0,134.0,20.0,40.0,,,1.0,1.0,0.875,1.0,0.905,1.0,0.65,0.9166666666666666,0.8785714285714287,
res5703656,True,,57,Div6,,,,,,,,,,,,,,,,
res5703657,True,5.0,57,Div6,,,,,,,,,,,,,,,,
res5703658,True,6.5,57,Div6,,,,,,,,,,,,,,,,
res5703659,True,,57,Div6,,,,,,,,,,,,,,,,
res5703672,True,,57,Div6,,,,,,,,,,,,,,,,
res5703673,False,0.65965,57,Div6,,,0.3193,1.2,,,,0.988099749867354,1.5521261274918519,1.0,,1.8191465170923975,,1.2822600729824258,1.4013708568396661,
res5703674,False,2.75,57,Div6,,,0.5,3.0,,,,1.0909090909090908,1.0909090909090908,1.0,,1.0909090909090908,,0.8311688311688311,0.8831168831168831,
res5703675,False,17.6666666667,57,Div6,,,15.0,19.0,,,,0.9056603773584905,0.9622641509433961,1.0,1.0188679245283019,,,0.9460916442048517,0.9460916442048517,
res5703682,True,2.5,57,Div6,,,,,,,,,,,,,,,,
res5703683,False,0.333333333333,57,Div6,,,0.0,1.0,,,0.0,2.25,3.0,1.0,2.0,1.37688,,1.2965142857142857,1.2500000000000002,
res5703684,False,1.7,57,Div6,,,0.0,3.5,,,,,1.3725490196078434,1.0,2.058823529411765,,2.058823529411765,2.058823529411765,1.8627450980392157,
res5703685,True,7.0,57,Div6,,,,,,,,,,,,,,,,
res5703686,True,,57,Div6,,,,,,,,,,,,,,,,
res5703688,True,,57,Div6,,,,,,,,,,,,,,,,
res5703689,True,,57,Div6,,,,,,,,,,,,,,,,
res5703690,True,,57,Div6,,,,,,,,,,,,,,,,
res5703691,False,10.0,57,Div6,,,5.0,10.0,,,,0.75,1.0,1.0,0.6,0.5,0.5,0.6666666666666667,0.6666666666666667,
res5703693,True,,57,Div6,,,,,,,,,,,,,,,,
res5703695,True,,57,Div6,,,,,,,,,,,,,,,,
res5703696,True,,57,Div6,,,,,,,,,,,,,,,,
res5703697,True,,57,Div6,,,,,,,,,,,,,,,,
res5703698,True,,57,Div6,,,,,,,,,,,,,,,,
res5703699,True,,57,Div6,,,,,,,,,,,,,,,,
res5703700,True,,57,Div6,,,,,,,,,,,,,,,,
res5703701,True,,57,Div6,,,,,,,,,,,,,,,,
res5703702,True,,57,Div6,,,,,,,,,,,,,,,,
res5703703,True,,57,Div6,,,,,,,,,,,,,,,,
res5703704,True,,57,Div6,,,,,,,,,,,,,,,,
res5703705,True,,57,Div6,,,,,,,,,,,,,,,,
res5703706,True,,57,Div6,,,,,,,,,,,,,,,,
res5703707,True,,57,Div6,,,,,,,,,,,,,,,,
res5703708,True,,57,Div6,,,,,,,,,,,,,,,,
res5703709,True,,57,Div6,,,,,,,,,,,,,,,,
res5703710,True,,57,Div6,,,,,,,,,,,,,,,,
res5703711,True,,57,Div6,,,,,,,,,,,,,,,,
res5703712,True,,57,Div6,,,,,,,,,,,,,,,,
res5703713,True,,57,Div6,,,,,,,,,,,,,,,,
res5703714,True,,57,Div6,,,,,,,,,,,,,,,,
res5703715,True,,57,Div6,,,,,,,,,,,,,,,,
res5703716,True,,57,Div6,,,,,,,,,,,,,,,,
res5703719,True,,57,Div6,,,,,,,,,,,,,,,,
res5703721,True,,57,Div6,,,,,,,,,,,,,,,,
res5703722,True,,57,Div6,,,,,,,,,,,,,,,,
res5703723,True,,57,Div6,,,,,,,,,,,,,,,,
res5703724,True,,57,Div6,,,,,,,,,,,,,,,,
res5703725,True,,57,Div6,,,,,,,,,,,,,,,,
res5703726,True,,57,Div6,,,,,,,,,,,,,,,,
res5703727,True,,57,Div6,,,,,,,,,,,,,,,,
res5703733,True,,57,Div6,,,,,,,,,,,,,,,,
res5703737,True,,57,Div6,,,,,,,,,,,,,,,,
res5703738,True,,57,Div6,,,,,,,,,,,,,,,,
res5703739,True,,57,Div6,,,,,,,,,,,,,,,,
res5703742,False,14.5,57,Div6,,,8.0,40.0,,,,1.0486620689655173,1.5862068965517242,1.0,0.9107310344827586,0.8174344827586207,1.1318068965517243,1.2851628899835794,1.2442811165845646,
res5703743,True,,57,Div6,,,,,,,,,,,,,,,,
res5703744,True,,57,Div6,,,,,,,,,,,,,,,,
res5703745,True,,57,Div6,,,,,,,,,,,,,,,,
res5703746,True,,57,Div6,,,,,,,,,,,,,,,,
res5703761,False,9.0,57,Div6,,,2.2,10.0,,,1.0,1.1027777777777779,1.1,1.0,1.0944444444444443,0.8888888888888888,0.8888888888888888,0.9582010582010579,0.9257575757575756,
res5703772,False,32.5,57,Div6,,,18.63,33.0,,0.5732307692307692,,1.0153846153846153,1.0096153846153846,1.0,1.0,0.6153846153846154,0.8615384615384616,0.8456220735785952,0.8625076923076923,
res5703775,False,44.0956,57,Div6,0.0,27.0,0.0,84.5,,,0.9071199847603844,0.8447554858081079,0.8538266856557117,1.0,0.8878164714846833,0.4535599923801922,0.38174632691999505,0.61385221696001,0.6214851800352394,
res5703786,False,792.438571429,57,Div6,,,382.6,1013.0,0.8392133144164396,0.9791610706192636,0.9696650664224536,0.9427027241408528,1.0965918343678134,1.0,1.025210907139565,0.9281066400820613,0.9522157643584811,1.1099895313435073,1.123017933955961,0.9258610401527293
res5703789,True,,57,Div6,,,,,,,,,,,,,,,,
res5703793,False,208.0,57,Div6,,,118.0,270.0,,,,0.8173076923076923,0.9134615384615384,1.0,0.8653846153846154,1.2980769230769231,0.6944444444444445,0.8255494505494506,0.8072552447552448,
res5703794,True,,57,Div6,,,,,,,,,,,,,,,,
res5703795,True,,57,Div6,,,,,,,,,,,,,,,,
res5703797,True,,57,Div6,,,,,,,,,,,,,,,,
res5703840,True,,57,Div6,,,,,,,,,,,,,,,,
res5704000,False,39.5,57,Div6,,,20.0,40.0,,,,1.0126582278481013,1.0126582278481013,1.0,,0.9493670886075949,,0.820675105485232,0.8628691983122363,
res5704001,False,20.3333333333,57,Div6,,,0.0,27.0,1.0081967213114755,0.9836065573770493,0.9836065573770493,0.7377049180327869,1.0721311475409836,1.0,0.7807377049180328,1.0573770491803278,0.9836065573770493,0.8114754098360656,0.7587822014051523,0.6967213114754098
res5704002,False,203.0,57,Div6,,,0.0,260.0,0.8866995073891626,0.9334975369458128,1.0295566502463054,1.0246305418719213,1.0660098522167487,1.0,0.9507389162561576,0.7056650246305419,0.6075533661740558,0.8870513722730472,0.9374384236453203,0.7068965517241379
res5704003,False,125.0,57,Div6,,,0.0,263.0,,,,0.696,0.568,1.0,0.696,0.6,0.52,0.33155555555555555,0.1142857142857143,
res5704211,True,,57,Div6,,,,,,,,,,,,,,,,
res5704434,True,,57,Div6,,,,,,,,,,,,,,,,
res5704436,True,,57,Div6,,,,,,,,,,,,,,,,
res5704453,True,,57,Div6,,,,,,,,,,,,,,,,
res5801729,True,,58,Div6,,,,,,,,,,,,,,,,
res5802577,True,,58,Div6,,,,,,,,,,,,,,,,
res5803500,False,1368.15,58,Div6,34.0,1366.0,34.0,2250.0,1.0883309578628073,1.4318605416072798,1.1549903153893943,1.1291496940000392,0.9165110026692151,1.0,0.7648058260491108,0.4769408812386556,0.5455920214435047,0.5693332846057328,0.527211197602602,
res5803501,True,,58,Div6,,,,,,,,,,,,,,,,
res5803502,True,,58,Div6,,,,,,,,,,,,,,,,
res5803503,False,36.5294117647,58,Div6,0.0,67.0,0.0,70.0,,,,,0.9102254428341384,1.0,0.5004528985507246,0.0,,0.041062801932367145,0.004562533548040794,
res5803504,False,12.0988888889,58,Div6,0.0,35.0,0.0,35.0,,,,0.0,2.0092754155569845,1.0,0.5719533474148222,0.7438699605106069,1.6530443566902377,0.0,0.0,
res5803505,False,46.8454545455,58,Div6,,,0.0,87.2,,,,,0.9036807037971407,1.0,0.9104599262565496,0.20706384630312435,0.9232485930525907,0.5968562002716863,0.5867698428100135,
res5803506,False,229.924657143,58,Div6,0.0,247.0,0.0,258.0,,,,1.0035896230852268,1.0107658869122718,1.0,0.7392593097473877,0.35757659898126776,0.24805381727046621,0.3062582943837213,0.3852052360054298,
res5803507,False,15.8333333333,58,Div6,0.0,10.0,0.0,25.0,1.263157894736842,1.263157894736842,1.263157894736842,1.368421052631579,1.1052631578947367,1.0,1.0931174089068825,1.0909090909090908,1.2947368421052632,1.2947368421052632,1.3421052631578947,1.263157894736842
res5803508,False,3306.95238095,58,Div6,0.0,2810.0,0.0,4326.0,0.8308085898875865,0.7986027230637093,0.7866927780817711,0.6941076519885955,0.7823668749820004,1.0,1.0449263675624103,1.0941162917950638,0.9281960084094117,0.8499744405725311,0.8125831894409045,0.8617317560321943
res5803509,True,,58,Div6,,,,,,,,,,,,,,,,
res5803511,False,756.241111111,58,Div6,20.0,430.0,20.0,1156.0,,,,,0.8819711694368069,1.0,0.82879536860129,0.8393320054875903,0.7561061017674647,0.5885252070835214,0.6133901298380733,
res5803512,False,601.0,58,Div6,,,145.597,610.0,,,,1.0,0.9794786466999444,1.0,0.9720465890183029,0.9788685524126455,0.8877051210944722,0.9747012554832853,0.9695961276660112,
res5803513,False,230.664705882,58,Div6,0.0,283.0,0.0,283.0,,,,,1.22688904189937,1.0,0.7276627365641212,0.10607508280983914,0.164199372657027,0.2106836090999506,0.16414698781866557,
res5803518,True,,58,Div6,,,,,,,,,,,,,,,,
res5803519,False,49.1875,58,Div6,0.0,80.0,0.0,137.4,,,,0.9690808979246082,1.4915713680643794,1.0,0.6912325285895807,0.20330368487928843,0.5150360016941974,0.5322860113203188,0.6038119440914866,
res5803520,False,8.74450909091,58,Div6,0.0,30.9,0.0,21.0,,,,1.7496694029292148,1.588689261784898,1.0,1.1041263445171976,0.25730432396017866,1.165256950855394,0.39401688244664157,0.4231226660678494,
res5803521,False,5632.29875,58,Div6,1140.0,807.0,1140.0,5868.0,0.9885942218530225,0.9883751283612222,0.9886673713818893,1.0055625156602357,1.0019994833370658,1.0,1.0012193807486984,1.0038530005177728,0.9783305617444389,0.9089398982309985,0.9291272255597437,0.9859938626302451
res5803522,False,306.911111111,58,Div6,0.0,396.0,0.0,430.0,0.7837955253059156,0.7298530157121136,0.6413168686356725,0.7315025161103469,0.8090833393671713,1.0,1.0388349866048803,1.0385314528084022,0.730852219245529,0.7618451777568604,0.6728332488596047,0.7119325175584679
res5803523,True,,58,Div6,,,,,,,,,,,,,,,,
res5803524,False,3.5,58,Div6,,,0.0,5.0,,,,,1.0476190476190477,1.0,0.7142857142857143,,0.2857142857142857,0.2653061224489796,0.32142857142857145,
res5803525,False,113.827586207,58,Div6,0.0,191.2,0.0,191.2,,,,,1.1231411356827898,1.0,0.2804511453405728,0.0,0.07301491130633814,0.1650302938503484,0.08115343835201455,
res5803526,False,5.71456,58,Div6,,,1.9,10.0,,,,,1.481595550080263,1.0,0.8505379241796392,0.7988016575204391,,0.5711725837159817,0.8686583044013889,
res5803528,True,,58,Div6,,,,,,,,,,,,,,,,
res5803530,False,2.0,58,Div6,,,0.0,2.0,,,1.0,1.0,0.9411764705882353,1.0,0.975,1.0,0.8541666666666666,1.0,1.0,
res5803532,True,,58,Div6,,,,,,,,,,,,,,,,
res5803533,True,,58,Div6,,,,,,,,,,,,,,,,
res5803534,True,,58,Div6,,,,,,,,,,,,,,,,
res5803535,False,7.0,58,Div6,,,3.59,7.0,,,,1.0,1.0,1.0,1.0,0.9528571428571427,0.7264285714285713,0.8189285714285715,1.0,
res5803539,False,727.270833333,58,Div6,46.0,549.0,46.0,1023.0,0.33412587011945344,0.8800022916726346,0.9725858661090263,1.0002387158994337,0.8344413622135699,1.0,0.6741580056198063,0.5217142896654454,0.586015949160124,0.4716617121566764,0.44048514709673725,0.6978143172247844
res5803540,False,3974.05555556,58,Div6,201.0,3410.0,201.0,5934.0,0.8107586708232564,0.3691443110172927,0.859826933023919,0.6905903568982148,0.7427425104497224,1.0,0.7372191855507249,0.5855084572237742,0.5366586051193156,0.6247597076903355,0.6120800190122041,1.0762305509345338
res5803541,False,3.8,58,Div6,,,0.0,5.0,,,,,0.7394736842105263,1.0,0.026315789473684213,0.026315789473684213,0.6842105263157895,0.14912280701754382,0.2518796992481203,
res5803543,True,,58,Div6,,,,,,,,,,,,,,,,
res5803544,False,110.108333333,58,Div6,0.0,185.0,0.0,185.0,,,,1.0776886399757815,1.2708971192283083,1.0,0.547989101642322,0.15670824188299404,0.12936770604707484,0.08438546453168416,0.14476296760077884,
res5803545,True,,58,Div6,,,,,,,,,,,,,,,,
res5803546,True,,58,Div6,,,,,,,,,,,,,,,,
res5803547,False,306.242857143,58,Div6,0.0,429.0,0.0,429.0,,,,1.400848999393572,1.3633163112705082,1.0,0.8044714533495614,0.3280076503242058,0.4049074030881187,0.2830660519905649,0.26577372320510456,
res5803551,False,10.7,58,Div6,,,2.0,11.0,,,,0.8411214953271029,0.9813084112149534,1.0,,0.6418504672897196,0.3738317757009346,0.6645898234683282,0.6246925725528776,
res5803555,True,,58,Div6,,,,,,,,,,,,,,,,
res5803560,False,8.19666666667,58,Div6,,,0.59,12.0,,,,,1.464009760065067,1.0,1.4233428222854818,0.07198047986986579,,1.2200081333875559,1.1712078080520536,
res5803561,False,3.33333333333,58,Div6,,,0.0,4.0,,,,1.2,1.2,1.0,1.2,0.40830000000000005,0.35429,0.6221599999999999,0.8475,
res5803564,False,37.0833333333,58,Div6,0.0,50.0,0.0,50.4,,,,0.5393258426966292,0.9006741573033706,1.0,0.6067415730337078,0.4062921348314607,0.29213483146067415,0.4584269662921348,0.20898876404494382,
res5803569,False,37.625,58,Div6,14.7648,5.0,14.7648,45.0,,,,0.9249169435215946,0.9568106312292359,1.0,0.8903654485049833,0.9213732004429678,0.7574750830564784,0.8465899124131683,0.8674116581093324,
res5803570,True,,58,Div6,,,,,,,,,,,,,,,,
res5803571,False,4.2,58,Div6,,,0.0,10.0,,,,,0.5442176870748299,1.0,2.380952380952381,0.23809523809523808,0.047619047619047616,0.9553571428571429,0.9583333333333334,
res5803585,False,10.6,58,Div6,,,5.0,21.0,,,,0.5471698113207547,0.5471698113207547,1.0,0.5471698113207547,0.6603773584905661,0.5518867924528302,0.752021563342318,0.7264150943396225,
res5803586,False,3.57142857143,58,Div6,,,0.0,5.0,,,,,1.2,1.0,0.7933333333333333,1.1199999999999999,1.1199999999999999,1.0242105263157895,1.0757894736842104,
res5803587,True,,58,Div6,,,,,,,,,,,,,,,,
res5803588,True,,58,Div6,,,,,,,,,,,,,,,,
res5803590,True,,58,Div6,,,,,,,,,,,,,,,,
res5803591,True,,58,Div6,,,,,,,,,,,,,,,,
res5803593,True,,58,Div6,,,,,,,,,,,,,,,,
res5803596,True,13.0,58,Div6,,,,,,,,,,,,,,,,
res5803599,True,1.8,58,Div6,,,,,,,,,,,,,,,,
res5803602,True,,58,Div6,,,,,,,,,,,,,,,,
res5803603,False,6.4238,58,Div6,,,0.0,7.0,,,,0.9340265886235561,1.0107918988760545,1.0,0.542544911111803,0.6925807154643668,0.5915501727949188,0.6667496912523221,0.7485444752327284,
res5803609,False,10.0,58,Div6,,,0.0,10.0,,,,,1.0,1.0,1.0,1.0,0.73827,0.9875,0.8666666666666666,
res5803611,True,,58,Div6,,,,,,,,,,,,,,,,
res5803615,True,,58,Div6,,,,,,,,,,,,,,,,
res5803626,True,,58,Div6,,,,,,,,,,,,,,,,
res5803629,False,3.76,58,Div6,,,0.0,6.0,,,,0.7978723404255319,1.4627659574468084,1.0,,0.3258377659574468,0.7978723404255319,0.676859929078014,0.7192318523153941,
res5803630,True,,58,Div6,,,,,,,,,,,,,,,,
res5803631,False,8256.46666667,58,Div6,2676.0,3570.0,2676.0,9393.0,0.6412403179340026,0.6718759552397023,0.694351844268677,0.8412267930119126,0.9675688551196233,1.0,0.9383513528789553,0.9151500944714042,0.9070276732581329,0.8580259063701946,0.7873863813937406,0.6547551760294095
res5803632,False,18.1333333333,58,Div6,,,0.0,54.4,,,,0.8134191176470589,1.4338235294117647,1.0,0.0,1.4944852941176472,1.9852941176470589,0.5923975840336134,0.7198161764705884,
res5803633,True,7.0,58,Div6,,,,,,,,,,,,,,,,
res5803635,False,8.08333333333,58,Div6,0.0,10.0,0.0,10.0,,,,,1.1487481590574373,1.0,0.8129602356406479,1.2371134020618555,,1.138144329896907,1.0701030927835051,
res5803637,True,,58,Div6,,,,,,,,,,,,,,,,
res5803638,True,,58,Div6,,,,,,,,,,,,,,,,
res5803639,True,,58,Div6,,,,,,,,,,,,,,,,
res5803640,True,,58,Div6,,,,,,,,,,,,,,,,
res5803644,True,0.4,58,Div6,,,,,,,,,,,,,,,,
res5803657,True,,58,Div6,,,,,,,,,,,,,,,,
res5803658,True,,58,Div6,,,,,,,,,,,,,,,,
res5803659,True,,58,Div6,,,,,,,,,,,,,,,,
res5803660,True,,58,Div6,,,,,,,,,,,,,,,,
res5803672,True,,58,Div6,,,,,,,,,,,,,,,,
res5803678,True,,58,Div6,,,,,,,,,,,,,,,,
res5803679,False,60.25,58,Div6,,,52.0,61.0,0.8630705394190872,,,0.9585062240663901,1.012448132780083,1.0,,0.9626556016597511,,0.9771784232365145,0.979253112033195,
res5803680,False,5.0,58,Div6,,,1.0,5.0,,,,0.95,1.0,1.0,0.95,,0.86,0.732,0.9866666666666667,
res5803684,False,0.879533333333,58,Div6,,,0.0,1.0,,,,1.1369665731827485,1.1369665731827485,1.0,0.0,0.8040627605548398,1.080118244523611,0.9745427770137843,1.1044818139489556,
res5803685,False,0.34046,58,Div6,,,0.0,0.35,,,,0.9545908476766728,,1.0,0.0,0.5874405216471834,0.881160782470775,0.8601807638405183,0.9650808569918014,
res5803687,False,0.56162,58,Div6,,,0.0,0.6,,,,0.7122253481001389,,1.0,0.0,,0.8309295727834952,1.0683380221502083,1.0683380221502083,
res5803688,True,,58,Div6,,,,,,,,,,,,,,,,
res5803689,False,7.5,58,Div6,,,3.44,7.5,,,,0.9904761904761905,1.0,1.0,1.0,0.776,0.8666666666666667,0.8962424242424242,0.9384615384615385,
res5803695,True,5.0,58,Div6,,,,,,,,,,,,,,,,
res5803696,True,,58,Div6,,,,,,,,,,,,,,,,
res5803697,True,,58,Div6,,,,,,,,,,,,,,,,
res5803698,True,,58,Div6,,,,,,,,,,,,,,,,
res5803708,False,0.2,58,Div6,,,0.0,0.2,0.0,,,0.33333333333333326,0.6666666666666665,1.0,0.75,,0.49999999999999994,0.7272727272727271,0.8636363636363633,0.0
res5803709,True,,58,Div6,,,,,,,,,,,,,,,,
res5803710,True,,58,Div6,,,,,,,,,,,,,,,,
res5803716,True,,58,Div6,,,,,,,,,,,,,,,,
res5803717,True,,58,Div6,,,,,,,,,,,,,,,,
res5803722,True,,58,Div6,,,,,,,,,,,,,,,,
res5803724,False,22.5,58,Div6,,,18.0,22.5,,,,1.0,1.0,1.0,1.0,0.962962962962963,0.9,0.9688888888888889,0.9888888888888889,
res5803725,False,8.66666666667,58,Div6,,,7.0,10.0,,,,1.0384615384615385,1.0384615384615385,1.0,1.0384615384615385,,,0.9807692307692308,0.989010989010989,
res5803729,True,,58,Div6,,,,,,,,,,,,,,,,
res5803732,False,3.38666666667,58,Div6,,,0.852,3.4,,,,0.9960629921259841,1.0039370078740157,1.0,0.9921259842519684,0.9921259842519684,0.8651574803149605,0.7971817585301838,0.8622047244094487,
res5803735,False,3.0,58,Div6,,,0.5,3.0,,,,1.0,1.0,1.0,0.9814583333333333,,1.0,0.8665259259259259,0.8958333333333334,
res5803752,True,,58,Div6,,,,,,,,,,,,,,,,
res5803755,True,,58,Div6,,,,,,,,,,,,,,,,
res5803759,False,6.4,58,Div6,,,1.45,6.8,,,,0.9375,1.0625,1.0,0.8854166666666666,0.948828125,0.616015625,0.6447265624999999,0.9464285714285714,
res5803761,True,,58,Div6,,,,,,,,,,,,,,,,
res5803762,False,0.5,58,Div6,,,0.0,0.5,,,,1.0,0.8735999999999999,1.0,,0.0276,1.0,0.8,0.7996,
res5803765,True,,58,Div6,,,,,,,,,,,,,,,,
res5803767,False,16.5135135135,58,Div6,0.0,58.0,0.0,58.0,,,,,1.5110279791130856,1.0,0.31908598766209245,0.0,0.0,1.2149140752864158,0.7184198779943461,
res5803770,False,69.7272727273,58,Div6,,,20.0,80.0,,,,1.0615167318557148,0.9882659713168186,1.0,0.7452505121996646,1.0063016079965232,1.0039113428943935,0.9175749674054757,0.871251629726206,
res5803771,True,,58,Div6,,,,,,,,,,,,,,,,
res5803779,False,2.5,58,Div6,,,0.5,2.5,,,,1.0,0.6,1.0,0.5644266666666666,,0.75,0.9228285714285714,0.8942571428571429,
res5803780,False,0.333333333333,58,Div6,,,0.0,2.5,,,,7.5,5.1609,1.0,1.6194000000000002,,0.821175,1.7970374999999998,3.225,
res5803781,True,,58,Div6,,,,,,,,,,,,,,,,
res5803787,False,24800.3939394,58,Div6,12601.0,3977.0,12601.0,26800.0,0.9271813405945409,0.9333194487379844,0.9080362098004656,1.015805946817733,0.9865353084916435,1.0,0.9893272640068609,0.9561881219795924,0.8696119929668762,0.9177482653759301,0.9140311074839118,0.9185167268848368
res5803788,False,1.5,58,Div6,0.0,2.0,0.0,1.5,,,,,1.0,1.0,0.0,1.0,,0.9375,1.0,
res5803820,True,,58,Div6,,,,,,,,,,,,,,,,
res5803825,False,22.25,58,Div6,,,12.0,23.0,,,,1.0247191011235954,1.0328907048008173,1.0,0.9438202247191011,0.827940074906367,0.898876404494382,0.898935541099941,0.9137078651685394,
res5803826,False,80.94,58,Div6,,,60.0,81.0,,,,,0.9995058067704472,1.0,0.7412898443291327,0.8030639980232271,,0.9803706449221646,0.987355099322096,
res5803834,True,,58,Div6,,,,,,,,,,,,,,,,
res5803857,True,,58,Div6,,,,,,,,,,,,,,,,
res5803858,True,,58,Div6,,,,,,,,,,,,,,,,
res5803859,True,,58,Div6,,,,,,,,,,,,,,,,
res5803860,True,,58,Div6,,,,,,,,,,,,,,,,
res5803862,True,,58,Div6,,,,,,,,,,,,,,,,
res5803863,True,,58,Div6,,,,,,,,,,,,,,,,
res5803866,True,,58,Div6,,,,,,,,,,,,,,,,
res5803867,True,,58,Div6,,,,,,,,,,,,,,,,
res5803869,True,,58,Div6,,,,,,,,,,,,,,,,
res5803872,True,,58,Div6,,,,,,,,,,,,,,,,
res5803873,True,,58,Div6,,,,,,,,,,,,,,,,
res5803874,True,,58,Div6,,,,,,,,,,,,,,,,
res5803875,True,,58,Div6,,,,,,,,,,,,,,,,
res5803876,True,,58,Div6,,,,,,,,,,,,,,,,
res5803877,True,,58,Div6,,,,,,,,,,,,,,,,
res5803879,True,,58,Div6,,,,,,,,,,,,,,,,
res5803881,True,,58,Div6,,,,,,,,,,,,,,,,
res5803884,True,,58,Div6,,,,,,,,,,,,,,,,
res5803896,True,,58,Div6,,,,,,,,,,,,,,,,
res5803901,False,0.809,58,Div6,,,0.0,14.01,,,,17.317676143386898,17.317676143386898,1.0,0.0,1.0,,4.765327564894931,11.545117428924597,
res5803904,True,,58,Div6,,,,,,,,,,,,,,,,
res5803932,True,,58,Div6,,,,,,,,,,,,,,,,
res5803933,True,,58,Div6,,,,,,,,,,,,,,,,
res5803934,True,,58,Div6,,,,,,,,,,,,,,,,
res5803935,True,,58,Div6,,,,,,,,,,,,,,,,
res5803938,True,,58,Div6,,,,,,,,,,,,,,,,
res5803939,True,,58,Div6,,,,,,,,,,,,,,,,
res5803940,False,7.284,58,Div6,0.0,17.0,0.0,20.0,,,,1.1271279516749038,1.2492481891163933,1.0,1.1768259198242723,0.49999999999999994,,1.2804121003748539,1.0601068344066698,
res5803941,True,3.5,58,Div6,,,,,,,,,,,,,,,,
res5803943,False,7.2,58,Div6,,,3.0,8.3,,,,,1.0532407407407407,1.0,0.9236111111111113,0.7847222222222223,0.9398148148148149,0.9645061728395063,0.9318181818181819,
res5803945,True,,58,Div6,,,,,,,,,,,,,,,,
res5803946,True,,58,Div6,,,,,,,,,,,,,,,,
res5803947,True,,58,Div6,,,,,,,,,,,,,,,,
res5803948,True,,58,Div6,,,,,,,,,,,,,,,,
res5803950,True,,58,Div6,,,,,,,,,,,,,,,,
res5803951,True,,58,Div6,,,,,,,,,,,,,,,,
res5803952,True,,58,Div6,,,,,,,,,,,,,,,,
res5803953,True,,58,Div6,,,,,,,,,,,,,,,,
res5803955,True,,58,Div6,,,,,,,,,,,,,,,,
res5803956,True,,58,Div6,,,,,,,,,,,,,,,,
res5803957,True,,58,Div6,,,,,,,,,,,,,,,,
res5803958,True,,58,Div6,,,,,,,,,,,,,,,,
res5803959,True,,58,Div6,,,,,,,,,,,,,,,,
res5804213,False,32687.4642857,58,Div6,21220.0,5363.0,21220.0,37316.0,0.8859574866552203,0.8495693941883995,0.8131219511101121,0.8405807897880546,0.9730282141799663,1.0,0.9845268336813261,0.9912631492201642,0.9634917891761959,0.9381345849498232,0.9332619502088139,0.9156280749828736
res5804240,False,8277.08333333,58,Div6,1463.0,6647.0,1463.0,9884.0,0.8030969041026932,0.8604480241631008,0.9167279134155549,0.9987817769947143,0.9955737397646881,1.0,0.7825614736204071,0.5816324597814911,0.539735029631833,0.608443838011843,0.6128452770486498,0.7304102693178958
res5804341,True,,58,Div6,,,,,,,,,,,,,,,,
res5804361,True,,58,Div6,,,,,,,,,,,,,,,,
res5804362,False,26.3846153846,58,Div6,,,0.0,31.0,,,,1.174927113702624,1.0029154518950438,1.0,1.02332361516035,0.8906705539358601,0.6253644314868805,0.82185054472917,0.775245163000265,
res5804366,False,10.4,58,Div6,,,9.0,11.0,,,0.9807692307692306,,0.971153846153846,1.0,0.9615384615384615,0.9615384615384615,0.9471153846153846,0.9679487179487178,0.9739819004524886,
res5804376,False,35.0136363636,58,Div6,,,15.0,53.0,,1.0852914448916007,,1.4565753602492535,1.0657072383672408,1.0,0.9030344117972315,1.162617620331269,1.00725042191354,1.1265155621186551,1.1420395215867336,
res5804417,True,,58,Div6,,,,,,,,,,,,,,,,
res5804418,True,,58,Div6,,,,,,,,,,,,,,,,
res5804419,True,,58,Div6,,,,,,,,,,,,,,,,
res5804420,True,,58,Div6,,,,,,,,,,,,,,,,
res5804442,True,,58,Div6,,,,,,,,,,,,,,,,
res5804446,True,,58,Div6,,,,,,,,,,,,,,,,
res5804447,True,,58,Div6,,,,,,,,,,,,,,,,
res5804454,True,,58,Div6,,,,,,,,,,,,,,,,
res5804455,True,,58,Div6,,,,,,,,,,,,,,,,
res5804457,True,,58,Div6,,,,,,,,,,,,,,,,
res5804468,True,,58,Div6,,,,,,,,,,,,,,,,
res5805131,True,,58,Div6,,,,,,,,,,,,,,,,
res5805182,True,,58,Div6,,,,,,,,,,,,,,,,
res5805183,True,,58,Div6,,,,,,,,,,,,,,,,
res5805184,True,,58,Div6,,,,,,,,,,,,,,,,
res5805185,True,,58,Div6,,,,,,,,,,,,,,,,
res5805186,True,,58,Div6,,,,,,,,,,,,,,,,
res5805187,True,,58,Div6,,,,,,,,,,,,,,,,
res5805189,True,,58,Div6,,,,,,,,,,,,,,,,
res5805190,True,0.366,58,Div6,,,,,,,,,,,,,,,,
res5805191,True,,58,Div6,,,,,,,,,,,,,,,,
