Name,CalYear,Region,SubRegion,CropType,IrrigType,LandSize,DecreedRate,ParcelRatioToDiv
par65801552,2010,Div6,Dist58,1,1,4254047.24,5800920=1.34131427187,5800920=0.627765086406
par65800153,2010,Div6,Dist58,1,1,2378003.501,5800863=0.3396,5800863=1.0
par65800378,2010,Div6,Dist58,1,1,1872819.127,5800643=0.379996910928,5800643=0.744315558923
par65800163,2010,Div6,Dist58,1,1,1701732.513,5804685=0.28033283689,5804685=0.321302431194
par65800392,2010,Div6,Dist58,1,1,1581490.961,5800564=0.324413905785,5800564=0.504328592037
par65800278,2010,Div6,Dist58,1,1,1115910.209,5800879=0.541416172944,5800879=0.908548868861
par65801430,2010,Div6,Dist58,1,1,1093110.441,5800508=0.20376,5800508=1.0
par65800533,2010,Div6,Dist58,1,1,1087239.052,5800530=0.692868002877,5800530=0.493608231845
par65800554,2010,Div6,Dist58,1,3,1087212.267,5800627=0.260799431065,5800627=0.317776813775
par65801599,2010,Div6,Dist58,1,1,1037653.514,5800649=0.319277040267,5800649=0.474028328335
par65801679,2010,Div6,Dist58,1,1,1003409.799,5800688=0.162725,5800688=1.0
par65801510,2010,Div6,Dist58,1,1,997047.7973,5800626=0.341267703855,5800626=0.567746208326
par65801553,2010,Div6,Dist58,1,1,988420.0617,5800627=0.237101252045,5800627=0.288901245334
par65800267,2010,Div6,Dist58,1,1,975642.9409,5800622=0.3883911794,5800622=0.806349585398
par65800538,2010,Div6,Dist58,1,1,968200.0308,5800920=0.305276468753,5800920=0.14287621686
par65800154,2010,Div6,Dist58,1,1,901955.6623,5800591=0.263756,5800591=1.0
par65801578,2010,Div6,Dist58,1,1,879028.4282,5800714=0.26366732028,5800714=0.366950233989
par65801507,2010,Div6,Dist58,1,1,851561.3112,5800783=0.325835107654,5800783=0.486627558931
par65801431,2010,Div6,Dist58,1,1,834135.7772,5801074=0.160178;5800807=0.227249,5801074=1.0;5800807=1.0
par65800541,2010,Div6,Dist58,3,3,832685.861,5800627=0.199743882033,5800627=0.243382334633
par65801591,2010,Div6,Dist58,1,1,827569.1412,5800577=0.284790749033,5800577=0.75663739481
par65800406,2010,Div6,Dist58,1,1,801361.646,5800539=0.201084347137,5800539=0.253766212945
par65800515,2010,Div6,Dist58,1,1,797674.8004,5800897=0.436766321768,5800897=0.32767386267
par65800431,2010,Div6,Dist58,1,1,791017.0947,5800826=0.22923;5800564=0.162262669571,5800826=1.0;5800564=0.252250912262
par65801573,2010,Div6,Dist58,1,1,783811.5462,5800714=0.235106719374,5800714=0.32720196646
par65801748,2010,Div6,Dist58,1,1,781921.3721,5800539=0.196206231489,5800539=0.24761008517
par65800528,2010,Div6,Dist58,1,1,780802.2394,5800897=0.42752776189,5800897=0.320742846128
par65801764,2010,Div6,Dist58,1,1,765222.425,5800916=0.310337642223,5800916=0.748021447805
par65800379,2010,Div6,Dist58,1,1,763133.914,5800945=0.179041175996,5800945=0.542585190514
par65800339,2010,Div6,Dist58,1,1,732820.3148,5800821=0.259767787182,5800821=0.865950353965
par65801450,2010,Div6,Dist58,1,1,728044.1203,5800944=0.457307893941,5800944=0.432066565202
par65801610,2010,Div6,Dist58,1,1,726911.9089,5800663=0.22074,5800663=1.0
par65800426,2010,Div6,Dist58,1,1,703608.6717,5800634=0.4245,5800634=1.0
par65800402,2010,Div6,Dist58,1,1,697498.5571,5800539=0.175022154709,5800539=0.220876015533
par65800548,2010,Div6,Dist58,1,1,696668.7564,5800920=0.219661816855,5800920=0.102806644446
par65801663,2010,Div6,Dist58,1,1,690992.2171,5800917=0.185931,5800917=1.0
par65800385,2010,Div6,Dist58,1,1,689348.7522,5800763=0.277459390196,5800763=0.314843247746
par65800318,2010,Div6,Dist58,1,1,673731.8646,5800798=0.114164594311,5800798=0.43237777113
par65800329,2010,Div6,Dist58,1,1,669127.3078,5800798=0.113384347173,5800798=0.429422726087
par65801676,2010,Div6,Dist58,1,1,652908.6632,5800659=0.029638179687,5800659=0.837828401046
par65800384,2010,Div6,Dist58,1,1,643343.6813,5800945=0.150936824004;5800643=0.130535089072,5800945=0.457414809486;5800643=0.255684441077
par65800518,2010,Div6,Dist58,1,1,642256.8019,5800897=0.351667297069,5800897=0.263830281462
par65800164,2010,Div6,Dist58,1,1,634687.127,5804685=0.104554412336,5804685=0.119834648157
par65801478,2010,Div6,Dist58,1,1,618349.0624,5800868=0.22974382083,5800868=0.343451208405
par65800387,2010,Div6,Dist58,1,1,613652.369,5800500=0.138253313593,5800500=0.396532150867
par65801601,2010,Div6,Dist58,1,1,611221.4754,5800649=0.188067578416,5800649=0.279222582796
par65801438,2010,Div6,Dist58,1,1,591192.7879,5800612=0.181495484579,5800612=0.754502118393
par65801575,2010,Div6,Dist58,1,1,585623.0748,5800662=0.216494992121,5800662=0.425236226881
par65801577,2010,Div6,Dist58,1,1,582635.9264,5800662=0.215390693644,5800662=0.423067180323
par65800386,2010,Div6,Dist58,1,1,574130.6664,5800500=0.129349239203,5800500=0.370993871331
par65801460,2010,Div6,Dist58,1,1,573628.5254,5800559=0.18961,5800559=1.0
par65800531,2010,Div6,Dist58,1,1,567180.9381,5800530=0.361449051272,5800530=0.257501033905
par65801532,2010,Div6,Dist58,1,1,561399.6026,5801021=0.283,5801021=1.0
par65800555,2010,Div6,Dist58,1,1,554153.342,5800631=0.0444433062715,5800631=0.590389041573
par65801448,2010,Div6,Dist58,1,1,550966.3814,5800944=0.346079679081,5800944=0.326977645057
par65800297,2010,Div6,Dist58,1,1,550353.9559,5800722=0.167201368974,5800722=0.865033028127
par65800264,2010,Div6,Dist58,1,1,547155.302,5803547=4.8279094498;5800934=0.17826902439,5803547=0.789537904834;5800934=0.822357547308
par65800401,2010,Div6,Dist58,1,1,542383.9084,5800738=0.13870992076,5800738=0.474483119801
par65800494,2010,Div6,Dist58,1,1,541187.2447,5804685=0.0891518228842,5804685=0.102181027938
par65801515,2010,Div6,Dist58,1,1,540608.0791,5800940=0.2921808357,5800940=0.869058178071
par65800308,2010,Div6,Dist58,1,1,535950.5122,5800569=0.410067,5800569=1.0
par65801513,2010,Div6,Dist58,1,1,533658.3483,5800626=0.182659607354,5800626=0.303879618018
par65800323,2010,Div6,Dist58,1,1,527457.6949,5800541=0.123746394367,5800541=0.378585637395
par65800390,2010,Div6,Dist58,1,1,517556.9879,5800763=0.208314072951,5800763=0.236381544819
par65801459,2010,Div6,Dist58,1,1,512800.4965,5800618=0.354316481294,5800618=0.834667800456
par65800380,2010,Div6,Dist58,1,1,512019.2228,5800763=0.206085150474,5800763=0.233852305528
par65801555,2010,Div6,Dist58,1,1,509139.7643,5800568=0.239793667431,5800568=0.430115455205
par65800226,2010,Div6,Dist58,1,1,501275.4938,5800653=0.109736685571,5800653=0.517016186434
par65800273,2010,Div6,Dist58,1,1,483536.1171,5800933=0.228664,5800933=1.0
par65801622,2010,Div6,Dist58,1,1,473711.6553,5800928=0.15848,5800928=1.0
par65801652,2010,Div6,Dist58,1,1,468279.2454,5800653=0.102513314429,5800653=0.482983813566
par65801604,2010,Div6,Dist58,1,1,454931.5403,5800588=0.149340980957,5800588=0.713117089855
par65801644,2010,Div6,Dist58,1,1,452370.4398,5800811=0.1415,5800811=1.0
par65800162,2010,Div6,Dist58,1,1,449784.0904,5804685=0.074094635371,5804685=0.0849232888563
par65800294,2010,Div6,Dist58,1,1,446123.8761,5800566=0.1415,5800566=1.0
par65800514,2010,Div6,Dist58,1,1,445304.5824,5800922=0.1415,5800922=1.0
par65801608,2010,Div6,Dist58,1,1,445008.9171,5800623=0.234760216889,5800623=0.56934893784
par65800412,2010,Div6,Dist58,1,1,439340.2818,5800782=0.1415,5800782=1.0
par65801626,2010,Div6,Dist58,1,1,435215.0079,5801997=0.0455288151347,5801997=0.643516821693
par65801675,2010,Div6,Dist58,1,1,432915.0007,5800657=0.12735,5800657=1.0
par65800439,2010,Div6,Dist58,1,1,430950.7393,5801406=0.11037,5801406=1.0
par65800291,2010,Div6,Dist58,1,1,429935.1928,5800866=0.136631924489,5800866=0.603497899686
par65800296,2010,Div6,Dist58,1,1,420734.7466,5801085=0.303176626111,5801085=0.714196999085
par65800569,2010,Div6,Dist58,1,3,419306.9836,5804685=0.0690740262305,5804685=0.0791689364914
par65801183,2010,Div6,Dist58,1,3,406933.5981,5800539=0.102111172042,5800539=0.128863165121
par65801803,2010,Div6,Dist58,1,1,400538.5372,5800980=0.152537,5800980=1.0
par65800399,2010,Div6,Dist58,1,1,387949.6367,5800630=0.0990851562908,5800630=0.87531056794
par65801531,2010,Div6,Dist58,1,1,387837.9668,5800599=0.2264,5800599=1.0
par65801702,2010,Div6,Dist58,1,1,384393.5131,5800532=0.201156886996,5800532=0.879705100042
par65801505,2010,Div6,Dist58,1,1,378626.0429,5800783=0.144874662372,5800783=0.216367118352
par65801649,2010,Div6,Dist58,1,1,378491.1265,5800842=0.032828,5800842=1.0
par65801508,2010,Div6,Dist58,1,1,377211.5496,5800908=0.157631,5800908=1.0
par65801632,2010,Div6,Dist58,1,1,376968.3526,5800895=0.272155880992,5800895=0.739755044828
par65801561,2010,Div6,Dist58,1,1,370897.8529,5802122=0.0,5802122=0.937024878449
par65801449,2010,Div6,Dist58,1,1,366021.9656,5800944=0.229910151813,5800944=0.217220150614
par65800546,2010,Div6,Dist58,1,1,362160.6243,5800920=0.11419036665,5800920=0.0534436461986
par65800388,2010,Div6,Dist58,1,1,359764.5409,5800500=0.0810534472045,5800500=0.232473977802
par65800430,2010,Div6,Dist58,1,1,357157.6798,5800710=0.0446590504966;5800564=0.0732643567003,5800710=0.476754779889;5800564=0.113895579697
par65800289,2010,Div6,Dist58,1,1,355085.151,5800685=0.108870354894,5800685=0.549572715263
par65800424,2010,Div6,Dist58,1,1,353727.1322,5800692=0.0849,5800692=1.0
par65800498,2010,Div6,Dist58,1,1,353707.1683,5800805=0.173995290299,5800805=0.534629867257
par65800425,2010,Div6,Dist58,1,1,353634.4194,5800689=0.127916,5800689=1.0
par65800302,2010,Div6,Dist58,1,99,348828.0447,5800730=0.106786461109,5800730=0.318697059464
par65800532,2010,Div6,Dist58,1,1,346971.6443,5800530=0.221115632113,5800530=0.157525669749
par65801525,2010,Div6,Dist58,1,1,344829.5645,5800943=0.0961841056366;5801091=0.0470840381886,5800943=0.229799300063;5801091=0.229799300063
par65800496,2010,Div6,Dist58,1,1,343098.2303,5800809=0.16697,5800809=1.0
par65800543,2010,Div6,Dist58,1,1,342042.8485,5800939=0.1698,5800939=1.0
par65800389,2010,Div6,Dist58,1,1,339927.6078,5800763=0.136819144838,5800763=0.155253653099
par65801437,2010,Div6,Dist58,1,1,336326.3761,5800561=0.1415,5800561=1.0
par65801502,2010,Div6,Dist58,1,1,334200.9239,5800728=0.0803403916775,5800728=0.545939057336
par65800405,2010,Div6,Dist58,1,1,328084.7466,5800738=0.0839047923408,5800738=0.287011970147
par65800159,2010,Div6,Dist58,1,1,327752.2122,5804685=0.0539918622586;5800611=0.00566,5804685=0.0618825707357;5800611=1.0
par65800534,2010,Div6,Dist58,1,1,326460.3206,5800628=0.35375,5800628=1.0
par65801526,2010,Div6,Dist58,1,1,324749.4163,5800943=0.0905831035924;5801091=0.0443422359708,5800943=0.21641760523;5801091=0.21641760523
par65801666,2010,Div6,Dist58,1,1,321643.2841,5800604=0.1698,5800604=1.0
par65801597,2010,Div6,Dist58,1,1,321389.2659,5800549=0.363089,5800549=1.0
par65800155,2010,Div6,Dist58,1,1,320677.5869,5800665=0.094035793658,5800665=0.664563912777
par65801503,2010,Div6,Dist58,1,1,317427.2761,5800783=0.121458019898,5800783=0.181394878413
par65800492,2010,Div6,Dist58,1,1,316751.0853,5804685=0.0521796049918,5804685=0.059805458856
par65801574,2010,Div6,Dist58,1,1,315148.3332,5800714=0.0945297260472,5800714=0.131558605955
par65800258,2010,Div6,Dist58,1,1,312904.9731,5801710=0.0,5801710=1.0
par65800255,2010,Div6,Dist58,1,1,312473.9493,5800573=0.091975,5800573=1.0
par65800346,2010,Div6,Dist58,1,1,309596.9091,5800777=0.158487676729,5800777=0.689688579127
par65800306,2010,Div6,Dist58,1,1,308474.1105,5800767=0.1698,5800767=1.0
par65801664,2010,Div6,Dist58,1,1,307768.0361,5800864=0.1132,5800864=1.0
par65801624,2010,Div6,Dist58,1,1,302937.4993,5800694=0.214873097053,5800694=0.292927814112
par65800295,2010,Div6,Dist58,1,1,302609.7968,5801541=0.1132;5802610=0.026885;5802611=0.04245,5801541=1.0;5802610=1.0;5802611=1.0
par65800286,2010,Div6,Dist58,1,1,301915.9309,5800801=0.162803361898,5800801=0.625981389735
par65800342,2010,Div6,Dist58,1,1,297705.4937,5800684=0.13252164134,5800684=0.585342938783
par65803180,2010,Div6,Dist58,1,1,295493.6344,5801091=0.040347565867;5800943=0.0824227208803,5801091=0.196921138293;5800943=0.196921138293
par65801654,2010,Div6,Dist58,1,1,294749.738,5800579=0.004811,5800579=1.0
par65801482,2010,Div6,Dist58,1,1,289269.5065,5800868=0.107476319953,5800868=0.160669705193
par65800262,2010,Div6,Dist58,1,1,285579.6554,5800721=0.178856,5800721=1.0
par65801434,2010,Div6,Dist58,1,1,283627.9837,5800756=0.20346569905,5800756=0.876780569894
par65800161,2010,Div6,Dist58,1,1,282997.1171,5804685=0.0466191860719;5800501=0.0147550653507,5804685=0.053432405534;5800501=0.521380401084
par65800152,2010,Div6,Dist58,1,1,282470.2572,5800866=0.089768075511,5800866=0.396502100314
par65800547,2010,Div6,Dist58,1,1,279635.533,5800920=0.0881699497382,5800920=0.0412655089688
par65801501,2010,Div6,Dist58,1,1,277957.0073,5800728=0.0668196083225,5800728=0.454060942664
par65801648,2010,Div6,Dist58,1,1,277176.8565,5800835=0.09905,5800835=1.0
par65801790,2010,Div6,Dist58,1,1,275716.738,5800808=0.220101686256,5800808=0.469085931485
par65800510,2010,Div6,Dist58,1,1,273501.4055,5800749=0.3113,5800749=1.0
par65801787,2010,Div6,Dist58,1,1,273439.305,5800781=0.018678,5800781=1.0
par65800530,2010,Div6,Dist58,1,1,269104.7266,5800641=0.062003001217,5800641=0.823653673278
par65800403,2010,Div6,Dist58,1,99,267402.4627,5800539=0.0670988559327,5800539=0.0846780110206
par65800499,2010,Div6,Dist58,1,1,267130.2497,5800872=0.120436930523,5800872=0.71165918505
par65801589,2010,Div6,Dist58,1,1,266176.8815,5800577=0.0915992509673,5800577=0.24336260519
par65800312,2010,Div6,Dist58,1,1,265878.4725,5800827=0.0283,5800827=1.0
par65801662,2010,Div6,Dist58,1,1,265115.7442,5800865=0.09905,5800865=1.0
par65801623,2010,Div6,Dist58,1,1,260126.4766,5800694=0.184507305242,5800694=0.251531356664
par65800160,2010,Div6,Dist58,1,1,259787.2233,5804685=0.0427957324309;5800501=0.0135449346493,5804685=0.0490501684616;5800501=0.478619598916
par65800444,2010,Div6,Dist58,1,1,259117.9058,5801409=0.032545;5801405=0.0695880800393,5801409=1.0;5801405=0.517672159489
par65801471,2010,Div6,Dist58,1,1,258221.9377,5800829=0.0714610607212,5800829=0.673366885477
par65800317,2010,Div6,Dist58,1,1,253612.3631,5800691=0.04245,5800691=1.0
par65800428,2010,Div6,Dist58,1,1,253489.7352,5800552=0.0849,5800552=1.0
par65801524,2010,Div6,Dist58,1,1,252306.573,5800943=0.0703764542505;5801091=0.034450678078,5800943=0.168140669611;5801091=0.168140669611
par65800282,2010,Div6,Dist58,1,1,252089.6635,5800813=0.147422846705,5800813=0.868214644904
par65800257,2010,Div6,Dist58,1,1,243148.3076,5800574=0.103933083808,5800574=0.636489970716
par65801625,2010,Div6,Dist58,1,1,241092.1114,5800694=0.171006259612;5801997=0.0252211848653,5800694=0.233125926488;5801997=0.356483178307
par65800298,2010,Div6,Dist58,1,1,240120.6521,5800730=0.0735079505976,5800730=0.219379567966
par65801046,2010,Div6,Dist58,1,1,240105.2895,5800791=0.115432947568,5800791=0.608791453871
par65800270,2010,Div6,Dist58,1,1,237836.0533,5800731=0.202062,5800731=1.0
par65801660,2010,Div6,Dist58,1,1,233619.8162,5801596=0.0,5801596=1.0
par65800397,2010,Div6,Dist58,1,1,233603.671,5800723=0.1132,5800723=1.0
par65801045,2010,Div6,Dist58,1,1,230967.8621,5800790=0.0849,5800790=1.0
par65800502,2010,Div6,Dist58,1,1,227236.347,5801035=0.15282,5801035=1.0
par65801556,2010,Div6,Dist58,1,1,227002.2043,5800568=0.106913061797,5800568=0.191768868356
par65800411,2010,Div6,Dist58,1,1,224953.7064,5800540=0.1415,5800540=1.0
par65800432,2010,Div6,Dist58,1,1,223349.7946,5800710=0.0279276922199;5800564=0.0458161197308,5800710=0.29814025621;5800564=0.0712249960449
par65801617,2010,Div6,Dist58,1,1,222552.7155,5800717=0.0824886438357,5800717=0.494032723457
par65800544,2010,Div6,Dist58,1,1,218291.2578,5800627=0.0523634965947,5800627=0.0638034563113
par65801707,2010,Div6,Dist58,1,1,214983.2822,5802881=0.05943,5802881=1.0
par65800266,2010,Div6,Dist58,1,1,212703.6183,5800543=0.12735,5800543=1.0
par65800276,2010,Div6,Dist58,1,1,209562.5482,5800770=0.019357246794;5800771=0.0;5800772=0.0398531208261,5800770=0.684001653497;5800771=0.828374991188;5800772=0.828374991188
par65800508,2010,Div6,Dist58,1,1,209247.9683,5800916=0.0848609750584,5800916=0.204544408377
par65801538,2010,Div6,Dist58,1,1,205386.7584,5802543=0.0;5802566=0.0,5802543=0.632581057129;5802566=1.0
par65801668,2010,Div6,Dist58,1,1,204473.8525,5801784=0.0,5801784=0.865661388982
par65800558,2010,Div6,Dist58,1,1,203281.0574,5802151=0.0,5802151=1.0
par65801800,2010,Div6,Dist58,1,1,202756.049,5800539=0.0508772386909,5800539=0.0642065102107
par65801600,2010,Div6,Dist58,1,1,201302.5238,5800513=0.0566;5800649=0.0619390510705,5800513=1.0;5800649=0.0919604642196
par65801647,2010,Div6,Dist58,1,1,200978.6277,5800587=0.0566,5800587=1.0
par65800398,2010,Div6,Dist58,1,1,200301.1459,5800738=0.0512252587983,5800738=0.175225538838
par65800844,2010,Div6,Dist58,1,1,198153.8609,5800664=0.0959659072713,5800664=0.67820429167
par65800513,2010,Div6,Dist58,1,1,196796.1495,5800850=0.157348,5800850=1.0
par65800287,2010,Div6,Dist58,1,1,195665.1626,5800844=0.162442,5800844=1.0
par65801681,2010,Div6,Dist58,1,1,195475.9752,5800779=0.04245,5800779=1.0
par65801571,2010,Div6,Dist58,1,1,195247.0666,5801996=0.0,5801996=0.525162721411
par65800347,2010,Div6,Dist58,1,1,194511.8664,5800698=0.07075,5800698=1.0
par65800549,2010,Div6,Dist58,3,3,191509.795,5801591=0.0,5801591=0.545997099212
par65800304,2010,Div6,Dist58,1,99,187406.5143,5800730=0.057370612125,5800730=0.171218759326
par65801048,2010,Div6,Dist58,1,1,183773.4836,5800820=0.1132,5800820=1.0
par65800316,2010,Div6,Dist58,1,1,183142.1661,5800921=0.021225,5800921=1.0
par65801603,2010,Div6,Dist58,1,1,183016.3462,5800588=0.0600790190426,5800588=0.286882910145
par65800290,2010,Div6,Dist58,1,1,182523.945,5800685=0.0559624828377,5800685=0.282496127399
par65800493,2010,Div6,Dist58,1,1,181815.7899,5804685=0.0299512031325,5804685=0.0343284593072
par65800288,2010,Div6,Dist58,1,1,180392.2269,5800801=0.097273638102,5800801=0.374018610265
par65800435,2010,Div6,Dist58,1,1,178829.9703,5801190=0.049808,5801190=1.0
par65800503,2010,Div6,Dist58,1,1,176775.9638,5800914=0.0,5800914=1.0
par65800525,2010,Div6,Dist58,1,1,176536.8751,5801996=0.0,5801996=0.474837278589
par65800253,2010,Div6,Dist58,1,1,175939.5761,5800808=0.140450658381,5800808=0.299331772669
par65801487,2010,Div6,Dist58,1,1,174715.5004,5800868=0.0649144780205,5800868=0.0970426792702
par65801435,2010,Div6,Dist58,1,1,172728.9084,5800755=0.11886,5800755=1.0
par65801512,2010,Div6,Dist58,1,1,170877.8874,5800907=0.0276384850329,5800907=0.588328260736
par65800345,2010,Div6,Dist58,1,1,170837.3275,5800684=0.0760471120675,5800684=0.335897138107
par65801569,2010,Div6,Dist58,1,1,170680.3736,5800714=0.0511961107147;5802795=0.119449107762,5800714=0.0712504863558;5802795=0.70346942145
par65800540,2010,Div6,Dist58,1,1,170303.9161,5800627=0.0408523393041,5800627=0.0497774330499
par65801592,2010,Div6,Dist58,1,1,169899.4736,5800800=0.051789,5800800=1.0
par65800149,2010,Div6,Dist58,1,1,169853.397,5800502=0.0566,5800502=1.0
par65801671,2010,Div6,Dist58,1,1,169735.6448,5800590=0.142998421519,5800590=0.777376577978
par65803153,2010,Div6,Dist58,1,1,169447.2768,5800741=0.0849084137673,5800741=0.663782589882
par65800429,2010,Div6,Dist58,1,1,168635.89,5800710=0.0210862572835;5800564=0.0345925642824,5800710=0.225104963901;5800564=0.0537770389258
par65801541,2010,Div6,Dist58,1,1,168226.3273,5800537=0.0560438365789,5800537=0.849934584675
par65800516,2010,Div6,Dist58,1,1,168119.1109,5800897=0.0920535105909,5800897=0.0690610239029
par65801172,2010,Div6,Dist58,1,1,166105.6767,5800593=0.0579860825325,5800593=0.539204784569
par65801665,2010,Div6,Dist58,1,1,165257.4447,5800647=0.046978,5800647=1.0
par65801455,2010,Div6,Dist58,1,3,164781.2365,5802117=0.174189118511,5802117=0.564687387787
par65801545,2010,Div6,Dist58,1,1,164239.1529,5800686=0.065939,5800686=1.0
par65800506,2010,Div6,Dist58,1,1,162772.21,5800956=0.03396,5800956=1.0
par65800156,2010,Div6,Dist58,1,1,161860.7826,5800665=0.047464206342,5800665=0.335436087223
par65800556,2010,Div6,Dist58,1,3,161131.0368,5800631=0.0129227697022,5800631=0.171667282634
par65803143,2010,Div6,Dist58,1,1,158639.9967,5800747=0.0,5800747=1.0
par65801557,2010,Div6,Dist58,1,1,157460.0723,5800568=0.0741602421542,5800568=0.133020469865
par65801797,2010,Div6,Dist58,1,1,157097.1115,5800541=0.0368564176835,5800541=0.112757308624
par65801627,2010,Div6,Dist58,1,1,156694.5522,5800694=0.111143202147,5800694=0.151517038219
par65800236,2010,Div6,Dist58,1,1,156497.1429,5800662=0.0578543591894,5800662=0.113636667386
par65800309,2010,Div6,Dist58,1,1,156312.6697,5800725=0.0930663733208,5800725=0.657712885659
par65801811,2010,Div6,Dist58,1,1,155447.8408,5800626=0.053206403788,5800626=0.0885162400897
par65801605,2010,Div6,Dist58,1,1,154673.5748,5800623=0.0815965716005,5800623=0.197890945867
par65801047,2010,Div6,Dist58,1,1,154291.3269,5800791=0.0741770524315,5800791=0.391208546129
par65801618,2010,Div6,Dist58,1,1,152869.4991,5800717=0.0566607225451,5800717=0.339346724232
par65801611,2010,Div6,Dist58,1,1,151206.0568,5800847=0.126594272857,5800847=0.518943835343
par65801602,2010,Div6,Dist58,1,1,147866.5686,5800649=0.0454972683464,5800649=0.0675494675095
par65801598,2010,Div6,Dist58,1,1,147532.0058,5800649=0.0453943262572,5800649=0.0673966301292
par65801453,2010,Div6,Dist58,1,3,147129.7781,5803709=0.0,5803709=1.0
par65801655,2010,Div6,Dist58,1,1,145921.8475,5800857=0.0849,5800857=1.0
par65800263,2010,Div6,Dist58,1,1,145851.7071,5803547=1.28694510024,5803547=0.210462095166
par65800320,2010,Div6,Dist58,1,1,145309.2967,5800541=0.0340908886315,5800541=0.104296540258
par65801747,2010,Div6,Dist58,1,1,144926.8961,5800541=0.0340011739569,5800541=0.104022070142
par65801609,2010,Div6,Dist58,1,1,143212.6629,5800623=0.0755504766572,5800623=0.183227738533
par65801640,2010,Div6,Dist58,1,1,143069.4954,5801703=0.04811,5801703=1.0
par65801701,2010,Div6,Dist58,1,1,142556.1267,5400564=0.0,5400564=1.0
par65801798,2010,Div6,Dist58,1,1,142110.9053,5800541=0.0333405167868,5800541=0.102000877386
par65801433,2010,Div6,Dist58,1,1,141951.0792,5800593=0.0495539174675,5800593=0.460795215431
par65801543,2010,Div6,Dist58,1,1,141541.3364,5800640=0.15565,5800640=1.0
par65801672,2010,Div6,Dist58,1,1,140438.1838,5800619=0.073014,5800619=1.0
par65801612,2010,Div6,Dist58,1,1,140166.6246,5801595=0.0566;5800847=0.117351727143,5801595=1.0;5800847=0.481056164657
par65800328,2010,Div6,Dist58,1,1,140049.7109,5800798=0.0237315752281,5800798=0.0898790528221
par65801549,2010,Div6,Dist58,1,1,139303.5903,5800677=0.0222206961466,5800677=0.78518360942
par65800377,2010,Div6,Dist58,1,1,139296.8648,5800777=0.071308323271,5800777=0.310311420873
par65801631,2010,Div6,Dist58,1,1,139008.3608,5800754=0.0283,5800754=1.0
par65800256,2010,Div6,Dist58,1,1,138866.0505,5800574=0.0593579161919,5800574=0.363510029284
par65800293,2010,Div6,Dist58,1,1,138380.5064,5800765=0.0283,5800765=1.0
par65800537,2010,Div6,Dist58,1,1,138113.43,5800687=0.372428,5800687=1.0
par65800254,2010,Div6,Dist58,1,1,136118.1628,5800808=0.108661655363,5800808=0.231582295846
par65800447,2010,Div6,Dist58,1,1,133070.4201,5800533=0.0577929133092;5801405=0.0357370711846,5800533=0.613258983109;5801405=0.265851375746
par65800315,2010,Div6,Dist58,1,1,131399.2584,5800875=0.0302536203692,5800875=0.712688347919
par65800529,2010,Div6,Dist58,1,1,129172.192,5800894=0.0,5800894=0.506343753956
par65801528,2010,Div6,Dist58,1,1,128112.999,5800943=0.0357348542521;5801091=0.0174929239206,5800943=0.0853763149395;5801091=0.0853763149395
par65800495,2010,Div6,Dist58,1,99,127498.1689,5800598=0.0357706539121,5800598=0.7614341588
par65801456,2010,Div6,Dist58,1,3,127028.4268,5802117=0.134280881489,5802117=0.435312612213
par65800504,2010,Div6,Dist58,1,1,126950.6757,5800764=0.075278,5800764=1.0
par65800843,2010,Div6,Dist58,1,1,126596.1987,5800920=0.0399161735874,5800920=0.0186816622224
par65801677,2010,Div6,Dist58,1,1,126378.196,5800659=0.00573682031298,5800659=0.162171598954
par65801759,2010,Div6,Dist58,1,1,125935.511,5800894=0.0,5800894=0.493656246044
par65800310,2010,Div6,Dist58,1,1,124662.9963,5800828=0.0334915999181,5800828=0.591724380178
par65801463,2010,Div6,Dist58,1,1,124627.6237,5801989=0.0,5801989=1.0
par65800822,2010,Div6,Dist58,1,1,124394.3589,5800627=0.0298395989574,5800627=0.036358716897
par65801548,2010,Div6,Dist58,1,1,123592.4773,5800746=0.236649057823,5800746=0.614864523548
par65800551,2010,Div6,Dist58,3,3,122772.8161,5801591=0.0,5801591=0.350027012731
par65800404,2010,Div6,Dist58,1,1,121777.7996,5800582=0.1698,5800582=1.0
par65801683,2010,Div6,Dist58,1,1,121220.3831,5801068=0.06226,5801068=1.0
par65801673,2010,Div6,Dist58,1,1,121028.3371,5800760=0.07075,5800760=1.0
par65800500,2010,Div6,Dist58,1,1,120396.4502,5800575=0.07075,5800575=1.0
par65801490,2010,Div6,Dist58,1,1,119443.9894,5800868=0.0443786853876,5800868=0.0663430819107
par65801539,2010,Div6,Dist58,1,1,119293.7803,5802543=0.0,5802543=0.367418942871
par65800260,2010,Div6,Dist58,1,1,118194.3428,5800934=0.0385089756097,5800934=0.177642452692
par65801171,2010,Div6,Dist58,1,1,117566.9971,5800805=0.0578334442253,5800805=0.177703008835
par65801041,2010,Div6,Dist58,1,1,115218.0979,5800631=0.00924053474893,5800631=0.122752128762
par65801669,2010,Div6,Dist58,1,1,114375.5036,5800671=0.0566,5800671=1.0
par65803154,2010,Div6,Dist58,1,1,113441.0343,5800821=0.0402122128176,5800821=0.134049646035
par65800299,2010,Div6,Dist58,1,1,112614.2031,5800730=0.0344744994055,5800730=0.102886840457
par65800280,2010,Div6,Dist58,1,1,112323.3481,5800879=0.0544969270557,5800879=0.0914511311393
par65800321,2010,Div6,Dist58,1,1,111983.5349,5800541=0.0262723604307,5800541=0.0803767929595
par65801661,2010,Div6,Dist58,1,1,111785.2223,5800617=0.07075,5800617=1.0
par65800535,2010,Div6,Dist58,1,1,111224.5528,5800830=0.091409,5800830=1.0
par65801429,2010,Div6,Dist58,1,1,110537.2397,5801073=0.0,5801073=1.0
par65801674,2010,Div6,Dist58,1,1,110260.2543,5800759=0.0849,5800759=1.0
par65801563,2010,Div6,Dist58,1,1,110101.8673,5801095=0.15282,5801095=1.0
par65801170,2010,Div6,Dist58,1,1,109818.9687,5800805=0.054022041541,5800805=0.165991831437
par65801504,2010,Div6,Dist58,1,1,109164.4917,5800783=0.0417698918883,5800783=0.0623824138312
par65800275,2010,Div6,Dist58,1,1,108894.1056,5800622=0.0433493733524,5800622=0.0899988235674
par65800446,2010,Div6,Dist58,1,1,108356.0844,5801405=0.0290998487761,5801405=0.216476464766
par65800501,2010,Div6,Dist58,1,1,108232.3611,5800872=0.0487970694773,5800872=0.28834081495
par65801836,2010,Div6,Dist58,2,1,108227.8022,5800907=0.0175052052478,5800907=0.372625595976
par65801582,2010,Div6,Dist58,1,1,107799.0799,5800714=0.0323346704316,5800714=0.0450007034176
par65800251,2010,Div6,Dist58,1,1,107180.545,5800873=0.04528,5800873=1.0
par65801659,2010,Div6,Dist58,1,3,106332.5728,5802653=0.0283,5802653=1.0
par65801440,2010,Div6,Dist58,1,1,105831.1893,5800612=0.0324900495722,5800612=0.135065681032
par65800383,2010,Div6,Dist58,1,1,103102.2723,5800712=0.0283;5800851=0.0566,5800712=1.0;5800851=1.0
par65800842,2010,Div6,Dist58,1,1,102900.3533,5800530=0.0655756083771,5800530=0.0467169215043
par65800335,2010,Div6,Dist58,1,1,102704.0865,5800699=0.0283,5800699=1.0
par65800349,2010,Div6,Dist58,1,1,101838.0518,5800602=0.023489,5800602=1.0
par65800512,2010,Div6,Dist58,1,1,101628.0396,5800924=0.13867,5800924=1.0
par65801458,2010,Div6,Dist58,1,1,101576.2606,5800618=0.0701835187064,5800618=0.165332199544
par65801536,2010,Div6,Dist58,1,1,101213.5974,5800789=0.0215229893414,5800789=0.633774715588
par65801040,2010,Div6,Dist58,1,1,101123.6458,5800932=0.10754,5800932=1.0
par65801799,2010,Div6,Dist58,1,1,100793.5366,5804685=0.0166041007264,5804685=0.0190307278675
par65801633,2010,Div6,Dist58,1,1,100544.1604,5800895=0.0725888111391,5800895=0.197305819894
par65801509,2010,Div6,Dist58,1,1,100266.2207,5802123=0.0,5802123=1.0
par65801475,2010,Div6,Dist58,1,1,100219.4928,5800884=0.221823439768,5800884=0.803926573411
par65800507,2010,Div6,Dist58,1,1,99936.11349,5800905=0.0566,5800905=1.0
par65800333,2010,Div6,Dist58,1,1,99931.47851,5801403=0.079205566268,5801403=0.699695815088
par65801467,2010,Div6,Dist58,1,1,99131.09366,5801773=0.0,5801773=0.870862023153
par65801650,2010,Div6,Dist58,1,3,98686.70247,5803609=0.142677085959,5803609=1.0
par65800823,2010,Div6,Dist58,1,1,98343.58816,5800530=0.0626717053612,5800530=0.0446481429964
par65800292,2010,Div6,Dist58,1,1,96220.54092,5800838=0.018678,5800838=1.0
par65800536,2010,Div6,Dist58,1,1,96157.9654,5800509=0.04528,5800509=1.0
par65801468,2010,Div6,Dist58,1,1,96032.63765,5800829=0.0265763405366,5800829=0.250424881381
par65800562,2010,Div6,Dist58,1,1,95682.75973,5800703=0.018678,5800703=1.0
par65801606,2010,Div6,Dist58,1,1,95436.50641,5800881=0.07641,5800881=1.0
par65800157,2010,Div6,Dist58,1,1,95318.82824,5801689=0.0,5801689=1.0
par65801678,2010,Div6,Dist58,1,1,95130.14379,5801044=0.0566,5801044=1.0
par65801469,2010,Div6,Dist58,1,1,95118.0102,5801962=0.0,5801962=1.0
par65801484,2010,Div6,Dist58,1,1,94904.9957,5800868=0.0352613720208,5800868=0.0527133255937
par65801580,2010,Div6,Dist58,1,1,94608.80095,5800915=0.136878950889,5800915=0.350740539923
par65801763,2010,Div6,Dist58,1,1,94020.43427,5800664=0.0455340927287,5800664=0.32179570833
par65801044,2010,Div6,Dist58,1,1,93728.29681,5801656=0.0283,5801656=1.0
par65800283,2010,Div6,Dist58,1,1,93651.92431,5800522=0.07075,5800522=1.0
par65801506,2010,Div6,Dist58,1,1,93145.0153,5800783=0.0356403181879,5800783=0.0532280304728
par65801535,2010,Div6,Dist58,1,1,92892.79054,5800743=0.36507,5800743=1.0
par65800265,2010,Div6,Dist58,1,1,92540.48125,5800732=0.13584,5800732=1.0
par65801745,2010,Div6,Dist58,1,1,92334.23946,5801085=0.0665349924632,5801085=0.15673732029
par65801651,2010,Div6,Dist58,1,1,91889.7155,5800651=0.0,5800651=1.0
par65800360,2010,Div6,Dist58,1,1,91785.41264,5801785=0.0,5801785=0.556359357816
par65800301,2010,Div6,Dist58,1,99,91054.3043,5800730=0.0278743841633,5800730=0.0831892374275
par65801174,2010,Div6,Dist58,1,1,90857.07066,5800803=0.04245,5800803=1.0
par65801464,2010,Div6,Dist58,1,1,89759.3548,5801428=0.157305217734,5801428=0.694811032393
par65800545,2010,Div6,Dist58,1,1,89187.04816,5800920=0.0281209525456,5800920=0.0131612348984
par65800303,2010,Div6,Dist58,1,99,88141.70686,5800730=0.0269827529485,5800730=0.0805282236311
par65801176,2010,Div6,Dist58,1,1,87544.59705,5801981=0.01415,5801981=1.0
par65800313,2010,Div6,Dist58,1,1,86014.4753,5800828=0.0231084000819,5800828=0.408275619822
par65800305,2010,Div6,Dist58,1,1,85869.09918,5800722=0.0260876310264,5800722=0.134966971873
par65800336,2010,Div6,Dist58,1,1,85827.9886,5800741=0.0430075862327,5800741=0.336217410118
par65800440,2010,Div6,Dist58,1,1,83918.52546,5800533=0.0364460866908,5800533=0.386741016891
par65801560,2010,Div6,Dist58,1,1,83660.9996,5800568=0.0394024967636,5800568=0.0706758565113
par65800526,2010,Div6,Dist58,1,1,82284.37093,5800568=0.038754134839,5800568=0.0695128963409
par65801488,2010,Div6,Dist58,1,1,81946.5,5800868=0.0304467220191,5800868=0.0455157550338
par65800259,2010,Div6,Dist58,1,1,81898.91088,5800615=0.0536757434381,5800615=0.643811737759
par65801593,2010,Div6,Dist58,1,1,81879.6644,5801999=0.0,5801999=1.0
par65800311,2010,Div6,Dist58,1,1,81348.28101,5800725=0.0484336266792,5800725=0.342287114341
par65800150,2010,Div6,Dist58,1,1,80428.74526,5801086=0.03679,5801086=1.0
par65801645,2010,Div6,Dist58,1,1,79372.20771,5800784=0.0790697527083,5800784=0.67163081602
par65801546,2010,Div6,Dist58,1,1,79316.61586,5800878=0.0231390523373,5800878=0.408817179104
par65800337,2010,Div6,Dist58,1,1,79147.11196,5800867=0.0395539407009,5800867=0.46588858305
par65801785,2010,Div6,Dist58,1,1,78695.27572,5800551=0.046695,5800551=1.0
par65801497,2010,Div6,Dist58,1,1,78044.91146,5800548=0.057677816375,5800548=0.727887637241
par65801547,2010,Div6,Dist58,1,1,77415.17978,5800746=0.148230942177,5800746=0.385135476452
par65801521,2010,Div6,Dist58,1,1,76874.50389,5800943=0.0214427826501;5801091=0.010496669803,5800943=0.0512302569307;5801091=0.0512302569307
par65801472,2010,Div6,Dist58,1,1,76712.06098,5803519=1.6255900279,5803519=0.829220562683
par65801443,2010,Div6,Dist58,1,3,76423.74009,5801782=0.0188761,5801782=1.0
par65801760,2010,Div6,Dist58,1,1,76032.82638,5801085=0.0547883814253,5801085=0.129065680625
par65801177,2010,Div6,Dist58,1,1,75978.3898,5800843=0.1132,5800843=1.0
par65800511,2010,Div6,Dist58,1,1,75705.71795,5800794=0.0246670480851,5800794=0.581084760544
par65801755,2010,Div6,Dist58,1,1,75404.24322,5800878=0.0219976950782,5800878=0.388651856505
par65800381,2010,Div6,Dist58,1,1,75337.37383,5800556=0.084239841562,5800556=0.531548722627
par65800334,2010,Div6,Dist58,1,1,75293.01695,5800798=0.0127584832872,5800798=0.0483204499609
par65801619,2010,Div6,Dist58,1,1,75059.51451,5800717=0.0278206336192,5800717=0.16662055231
par65800319,2010,Div6,Dist58,1,1,74885.34083,5800541=0.0175687851524,5800541=0.0537493618233
par65801529,2010,Div6,Dist58,1,1,74195.03039,5800804=0.0566,5800804=1.0
par65801451,2010,Div6,Dist58,1,3,73606.49835,5802177=0.0,5802177=1.0
par65801628,2010,Div6,Dist58,1,1,73320.52727,5800694=0.052006135947,5800694=0.0708978645179
par65801796,2010,Div6,Dist58,1,1,73233.37404,5800676=0.0566,5800676=1.0
par65801680,2010,Div6,Dist58,1,1,73189.63694,5801785=0.0,5801785=0.443640642184
par65801688,2010,Div6,Dist58,1,1,72334.94986,5800738=0.0184990281014,5800738=0.0632793712141
par65801641,2010,Div6,Dist58,1,1,72199.94824,5802176=0.0,5802176=1.0
par65801570,2010,Div6,Dist58,1,1,71946.1975,5800714=0.0215804864673;5802795=0.0503508922379,5800714=0.0300339251386;5802795=0.29653057855
par65800393,2010,Div6,Dist58,1,1,71620.4518,5800763=0.0288268700256,5800763=0.032710896448
par65801630,2010,Div6,Dist58,1,1,71583.88055,5800833=0.0195103659769,5800833=0.689412225331
par65801444,2010,Div6,Dist58,1,3,71509.7554,5801045=0.01415,5801045=1.0
par65801620,2010,Div6,Dist58,1,1,71320.98895,5800706=0.101844085735,5800706=0.899682736177
par65800505,2010,Div6,Dist58,1,1,70664.02567,5800786=0.037639,5800786=1.0
par65800828,2010,Div6,Dist58,1,1,70622.17611,5801868=0.0,5801868=1.0
par65801607,2010,Div6,Dist58,1,1,70315.81145,5800880=0.04528,5800880=1.0
par65801511,2010,Div6,Dist58,1,1,69996.53064,5800626=0.023958285003,5800626=0.039857933566
par65801587,2010,Div6,Dist58,1,1,67723.65029,5800915=0.0979818167968,5800915=0.251069979006
par65801042,2010,Div6,Dist58,1,1,67712.46024,5800631=0.00543056475665,5800631=0.0721401306709
par65800338,2010,Div6,Dist58,1,1,67547.65984,5800867=0.0337570893698,5800867=0.397610004356
par65801581,2010,Div6,Dist58,1,1,67083.70506,5800714=0.0201219666852,5800714=0.0280040786838
par65801566,2010,Div6,Dist58,1,1,66727.92067,5801039=0.0209887837178,5801039=0.741653134906
par65800382,2010,Div6,Dist58,1,1,66394.45737,5800556=0.074240158438,5800556=0.468451277373
par65801613,2010,Div6,Dist58,1,1,65763.73914,5800910=0.03679,5800910=1.0
par65800352,2010,Div6,Dist58,1,1,65566.47511,5800596=0.09905,5800596=1.0
par65800151,2010,Div6,Dist58,1,1,64709.82518,5801081=0.04245,5801081=1.0
par65801517,2010,Div6,Dist58,1,1,64533.19954,5800695=0.102864744983,5800695=0.30725246344
par65800285,2010,Div6,Dist58,1,1,64032.95074,5800812=0.0319964180856,5800812=0.75374365337
par65801461,2010,Div6,Dist58,1,1,63825.5,5800583=0.110444152793;5801621=0.0566,5800583=0.780524048005;5801621=1.0
par65801559,2010,Div6,Dist58,1,1,63682.25959,5800568=0.0299929482004,5800568=0.0537980452376
par65801522,2010,Div6,Dist58,1,1,63552.60888,5800695=0.101301701326,5800695=0.302583720869
par65800271,2010,Div6,Dist58,1,1,63549.74946,5800622=0.025298355688,5800622=0.0525226104562
par65801491,2010,Div6,Dist58,1,1,63037.00675,5800868=0.023421015192,5800868=0.0350128066153
par65801708,2010,Div6,Dist58,2,1,60966.31367,5800685=0.0186924859773,5800685=0.0943588388556
par65800509,2010,Div6,Dist58,1,1,60770.93391,5800545=0.0566,5800545=1.0
par65801558,2010,Div6,Dist58,1,1,60498.4609,5800568=0.0284934488138,5800568=0.0511084084839
par65800322,2010,Div6,Dist58,1,1,59339.40464,5800541=0.013921566486,5800541=0.0425911813317
par65801786,2010,Div6,Dist58,1,1,59281.43054,5800550=0.09339,5800550=1.0
par65800391,2010,Div6,Dist58,1,1,59025.26636,5800763=0.0237573715164,5800763=0.0269583523588
par65801636,2010,Div6,Dist58,1,1,58778.57536,5800613=0.1132,5800613=1.0
par65801537,2010,Div6,Dist58,1,1,58486.04809,5800789=0.0124370106586,5800789=0.366225284412
par65800438,2010,Div6,Dist58,1,1,58474.416,5800802=0.009622,5800802=1.0
par65801637,2010,Div6,Dist58,1,3,58018.91678,5801878=0.004811,5801878=1.0
par65801519,2010,Div6,Dist58,1,1,58006.36918,5800695=0.0924610962357,5800695=0.276177222775
par65800539,2010,Div6,Dist58,1,1,57616,5800641=0.013274998783,5800641=0.176346326722
par65800350,2010,Div6,Dist58,1,1,57259.0005,5800636=0.0198071358437,5800636=0.559919034451
par65801485,2010,Div6,Dist58,1,1,56980.0197,5800868=0.0211705786147,5800868=0.0316485587363
par65800274,2010,Div6,Dist58,1,1,56299.98545,5801798=0.0849,5801798=1.0
par65801706,2010,Div6,Dist58,1,1,56114.47845,5802880=0.301112,5802880=1.0
par65801567,2010,Div6,Dist58,1,1,55799.16551,5801038=0.0199779114723,5801038=0.705933267573
par65800277,2010,Div6,Dist58,1,1,55443.84588,5801102=0.11886,5801102=1.0
par65800400,2010,Div6,Dist58,1,1,55264.06471,5800630=0.0141148437092,5800630=0.12468943206
par65801819,2010,Div6,Dist58,1,1,54577.71588,5800794=0.0177829519149,5800794=0.418915239456
par65801682,2010,Div6,Dist58,1,1,54290.16548,5803520=0.293914797076,5803520=1.0
par65800279,2010,Div6,Dist58,1,1,53396.96055,5800770=0.00493226558034,5800770=0.174285002839
par65800314,2010,Div6,Dist58,1,1,52972.01522,5800875=0.0121963796308,5800875=0.287311652081
par65801492,2010,Div6,Dist58,1,1,52582.50295,5800868=0.0195367081009,5800868=0.0292060347097
par65800561,2010,Div6,Dist58,1,1,52563.72755,5803826=0.62777917822;5800532=0.027507113004,5803826=1.0;5800532=0.120294899958
par65801576,2010,Div6,Dist58,1,1,52415.03225,5800662=0.0193769550454,5800662=0.038059925411
par65801820,2010,Div6,Dist58,1,1,48524.90616,5800916=0.019679382719,5800916=0.0474341438183
par65800527,2010,Div6,Dist58,2,1,48439.31716,5800940=0.0261798532351,5800940=0.0778689522882
par65801709,2010,Div6,Dist58,2,1,47535.90761,5800685=0.0145746762914,5800685=0.0735723184824
par65801173,2010,Div6,Dist58,1,1,45707.48875,5800805=0.0224843839386,5800805=0.0690870608037
par65800517,2010,Div6,Dist58,1,1,45502.94598,5800897=0.0249151086825,5800897=0.0186919858376
par65800261,2010,Div6,Dist58,1,1,45310.49845,5800615=0.0296960565619,5800615=0.356188262241
par65801584,2010,Div6,Dist58,1,1,45200.38932,5800915=0.0653954157304,5800915=0.167570128737
par65800351,2010,Div6,Dist58,1,1,45004,5800636=0.0155678641563,5800636=0.440080965549
par65801596,2010,Div6,Dist58,1,1,44901.10896,5802413=0.0283,5802413=1.0
par65800559,2010,Div6,Dist58,1,1,44821.68902,5802423=0.02547;5802422=0.05943,5802423=1.0;5802422=1.0
par65801530,2010,Div6,Dist58,1,1,44818.04651,5800670=0.0262058,5800670=1.0
par65801480,2010,Div6,Dist58,1,1,44686.99685,5800868=0.0166031809895,5800868=0.0248206134713
par65801544,2010,Div6,Dist58,1,1,44331.05254,5800837=0.0283,5800837=1.0
par65801479,2010,Div6,Dist58,1,1,44261,5800868=0.0164449044595,5800868=0.0245840009464
par65800560,2010,Div6,Dist58,1,1,44113.95613,5801562=0.0566,5801562=1.0
par65801442,2010,Div6,Dist58,1,1,44036.75928,5800612=0.0135192328601,5800612=0.0562013421746
par65801489,2010,Div6,Dist58,1,1,44036.49605,5800868=0.0163614913868,5800868=0.0244593041406
par65800307,2010,Div6,Dist58,1,1,44035.65392,5800544=0.04245,5800544=1.0
par65801590,2010,Div6,Dist58,1,1,43435.52199,5800649=0.0133647356428;5801096=0.0566,5800649=0.0198425270107;5801096=1.0
par65801795,2010,Div6,Dist58,1,1,43417.74506,5800770=0.00401048762569;5800771=0.0;5800772=0.00825687917394,5800770=0.141713343664;5800771=0.171625008812;5800772=0.171625008812
par65800394,2010,Div6,Dist58,1,1,43146.27249,5800528=0.03396,5800528=1.0
par65801804,2010,Div6,Dist58,1,1,42889.83949,5801403=0.033994433732,5801403=0.300304184912
par65800434,2010,Div6,Dist58,1,1,42864.30237,5804685=0.00706119874474,5804685=0.00809316649807
par65801486,2010,Div6,Dist58,1,1,41689.64091,5800868=0.0154895316806,5800868=0.0231557843606
par65801595,2010,Div6,Dist58,1,1,41312.4995,5800751=0.0283,5800751=1.0
par65801533,2010,Div6,Dist58,1,1,41129.75092,5800534=0.04528;5802764=0.0025187,5800534=1.0;5802764=1.0
par65801572,2010,Div6,Dist58,1,1,40493.36263,5802341=0.0283,5802341=1.0
par65800557,2010,Div6,Dist58,1,1,40409.09396,5800631=0.00324082452077,5800631=0.0430514163602
par65800344,2010,Div6,Dist58,1,1,40057.30699,5801975=0.0;5800684=0.0178312465921,5801975=1.0;5800684=0.07875992311
par65801452,2010,Div6,Dist58,1,3,39995.20884,5800944=0.0251222751649,5800944=0.0237356391271
par65800165,2010,Div6,Dist58,1,1,39946.60282,5800598=0.0112073460879,5800598=0.2385658412
par65801436,2010,Div6,Dist58,1,1,39860.0057,5800756=0.0285943009504,5800756=0.123219430106
par65800524,2010,Div6,Dist58,2,1,39522.53594,5800943=0.0110241120926;5801091=0.00539652275525,5800943=0.0263383770731;5801091=0.0263383770731
par65800408,2010,Div6,Dist58,1,1,39450.797,5800624=0.04245,5800624=1.0
par65801465,2010,Div6,Dist58,1,1,39425.92093,5801428=0.0690947822661,5801428=0.305188967607
par65801551,2010,Div6,Dist58,1,1,39294.02071,5800878=0.0114632525845,5800878=0.202530964391
par65800407,2010,Div6,Dist58,1,1,39204.23602,5800819=0.046978,5800819=1.0
par65801614,2010,Div6,Dist58,1,1,38816.52549,5800911=0.0566,5800911=1.0
par65801646,2010,Div6,Dist58,1,1,38806.12154,5800784=0.0386582472917,5800784=0.32836918398
par65800281,2010,Div6,Dist58,1,1,38264.41539,5800813=0.0223771532952,5800813=0.131785355096
par65801550,2010,Div6,Dist58,1,1,38111.71566,5800677=0.00607930385342,5800677=0.21481639058
par65800158,2010,Div6,Dist58,1,1,36898.1867,5804685=0.0060783779323,5804685=0.00696671010442
par65800436,2010,Div6,Dist58,1,1,35962.40545,5802604=0.026885,5802604=1.0
par65800522,2010,Div6,Dist58,1,1,34874.74029,5800590=0.0293811757585,5800590=0.159723706217
par65801169,2010,Div6,Dist58,1,1,34791.98535,5800805=0.0171148399964,5800805=0.0525882316682
par65803179,2010,Div6,Dist58,1,1,34281.29013,5801084=0.16697,5801084=1.0
par65801703,2010,Div6,Dist58,1,1,34162.00534,5801072=0.0849,5801072=1.0
par65801642,2010,Div6,Dist58,1,1,33591.22279,5800580=0.00849,5800580=1.0
par65800268,2010,Div6,Dist58,1,1,33188.49292,5800622=0.0132119214595,5800622=0.0274296326906
par65801516,2010,Div6,Dist58,1,1,33014.61609,5800940=0.0178433110647,5800940=0.0530728696409
par65801523,2010,Div6,Dist58,1,1,33014.38096,5800768=0.018678,5800768=1.0
par65800666,2010,Div6,Dist58,1,1,32823.7164,5800943=0.00915559491014;5801091=0.00448184632518,5800943=0.0218741889639;5801091=0.0218741889639
par65800523,2010,Div6,Dist58,1,1,32249.32391,5800833=0.00878963402314,5800833=0.310587774669
par65801634,2010,Div6,Dist58,1,1,32072.86291,5800595=0.0594404502806;5800895=0.0231553078687,5800595=0.617755667019;5800895=0.0629391352778
par65801667,2010,Div6,Dist58,1,1,31731.49881,5801784=0.0,5801784=0.134338611018
par65801432,2010,Div6,Dist58,1,1,31699.54365,5800825=0.007075,5800825=1.0
par65801594,2010,Div6,Dist58,1,1,30357.29515,5802000=0.0,5802000=1.0
par65800327,2010,Div6,Dist58,1,1,30122.0004,5800541=0.00706689650501,5800541=0.0216202300797
par65801481,2010,Div6,Dist58,1,1,30110.4965,5800868=0.0111873712336,5800868=0.0167243504316
par65801470,2010,Div6,Dist58,1,1,29224.24321,5800829=0.00808759874224,5800829=0.0762082331424
par65801498,2010,Div6,Dist58,1,1,29176.18623,5800548=0.021562183625,5800548=0.272112362759
par65801441,2010,Div6,Dist58,2,1,28986.8334,5800612=0.008898923468,5800612=0.0369940697069
par65801810,2010,Div6,Dist58,1,1,28849.35549,5800868=0.0107188019871,5800868=0.0160238716402
par65800269,2010,Div6,Dist58,1,99,28675.03362,5800622=0.0114151700998,5800622=0.0236993478879
par65801520,2010,Div6,Dist58,1,1,28422.24781,5800705=0.00566,5800705=1.0
par65801586,2010,Div6,Dist58,1,1,28254.50415,5800915=0.0408782993453;5801635=0.0283,5800915=0.104747126497;5801635=1.0
par65801495,2010,Div6,Dist58,1,3,28162.0066,5802502=0.0134332856507,5802502=0.863044372036
par65800497,2010,Div6,Dist58,1,1,26638.98996,5801451=0.0,5801451=1.0
par65800300,2010,Div6,Dist58,1,1,26378.85844,5800730=0.00807533965142,5800730=0.0241003117283
par65801658,2010,Div6,Dist58,1,3,25910.23574,5803735=0.0257476065246,5803735=0.601535660089
par65800427,2010,Div6,Dist58,1,1,25756.4907,5800660=0.01698,5800660=1.0
par65801616,2010,Div6,Dist58,1,1,25556.1796,5800623=0.0134819192048,5800623=0.0326968362911
par65801562,2010,Div6,Dist58,1,1,24927.12617,5802122=0.0,5802122=0.0629751215514
par65800566,2010,Div6,Dist58,1,1,24449.81547,5801214=0.0354986677769,5801214=0.603062445246
par65801518,2010,Div6,Dist58,1,1,23940.96198,5800695=0.0381614574555,5800695=0.113986592915
par65800331,2010,Div6,Dist58,1,1,23857.58306,5800929=0.0146925344193,5800929=0.524414977311
par65800552,2010,Div6,Dist58,3,3,23719.90034,5801591=0.0,5801591=0.0676257670227
par65801568,2010,Div6,Dist58,1,1,23243.95099,5801038=0.00832208852768;5801039=0.00731121628216,5801038=0.294066732427;5801039=0.258346865094
par65800348,2010,Div6,Dist58,1,1,23189.43408,5800867=0.0115889699292,5800867=0.136501412594
par65800231,2010,Div6,Dist58,1,1,23003.6367,5800748=0.0226015080397,5800748=0.481108349434
par65800437,2010,Div6,Dist58,1,1,22451.87315,5800871=0.009622,5800871=1.0
par65800272,2010,Div6,Dist58,1,1,22172.52437,5800620=0.0283,5800620=1.0
par65800332,2010,Div6,Dist58,1,1,21636.12725,5800929=0.0133244655807,5800929=0.475585022689
par65801588,2010,Div6,Dist58,1,1,21498.60493,5800915=0.0311039402132,5800915=0.0797011718256
par65800284,2010,Div6,Dist58,1,1,20920.2697,5800812=0.0104535819144,5800812=0.24625634663
par65801635,2010,Div6,Dist58,1,1,19845.5,5800595=0.0367795497194,5800595=0.382244332981
par65801446,2010,Div6,Dist58,1,3,19822.39407,5801899=0.0091526688639,5801899=0.323415860915
par65801540,2010,Div6,Dist58,1,1,19176.73136,5801151=0.018961;5800537=0.00638864092028,5801151=1.0;5800537=0.0968871369035
par65801585,2010,Div6,Dist58,1,1,18052.4964,5801389=0.0283,5801389=1.0
par65800330,2010,Div6,Dist58,1,1,17995.93747,5800931=0.028017,5800931=1.0
par65801462,2010,Div6,Dist58,1,1,17947.12464,5800583=0.0310558472073,5800583=0.219475951995
par65801445,2010,Div6,Dist58,1,3,17443.07714,5801899=0.00805405787344,5801899=0.284595684574
par65801657,2010,Div6,Dist58,1,3,17163.24678,5803735=0.0170555192631,5803735=0.398464339911
par65801653,2010,Div6,Dist58,1,1,16822.5175,5801037=0.1132,5801037=1.0
par65801477,2010,Div6,Dist58,1,1,16781.4981,5800884=0.0371437684327,5800884=0.134615451419
par65801175,2010,Div6,Dist58,1,1,16572,5801108=0.0,5801108=1.0
par65800567,2010,Div6,Dist58,1,1,16092.94368,5801214=0.0233653322231,5801214=0.396937554754
par65801639,2010,Div6,Dist58,1,1,16049.50295,5802130=0.0,5802130=1.0
par65801565,2010,Div6,Dist58,1,1,15798.98425,5803519=0.334793133175,5803519=0.170779437317
par65801043,2010,Div6,Dist58,1,1,15390.33639,5802004=0.0283,5802004=1.0
par65801564,2010,Div6,Dist58,1,1,15385.00295,5800766=0.080089,5800766=1.0
par65801454,2010,Div6,Dist58,1,3,15281.5088,5802160=0.020376,5802160=1.0
par65801499,2010,Div6,Dist58,1,1,15091.15026,5800792=0.0283,5800792=1.0
par65801466,2010,Div6,Dist58,1,1,14699.90485,5801773=0.0,5801773=0.129137976847
par65801496,2010,Div6,Dist58,1,3,14506.25511,5800693=0.01698,5800693=1.0
par65801629,2010,Div6,Dist58,1,3,13959.20233,5803637=0.117851273002,5803637=1.0
par65800565,2010,Div6,Dist58,1,1,13846.59271,5801213=0.030564,5801213=1.0
par65801670,2010,Div6,Dist58,1,1,13733.78633,5800590=0.0115704027223,5800590=0.062899715805
par65800821,2010,Div6,Dist58,1,1,13505.94639,5800612=0.00414630952022,5800612=0.0172367886935
par65801615,2010,Div6,Dist58,1,1,13158.83034,5800623=0.00694181564889,5800623=0.0168355414676
par65800550,2010,Div6,Dist58,3,3,12749.89233,5801591=0.0,5801591=0.036350121034
par65801583,2010,Div6,Dist58,1,1,12454.18639,5800915=0.0180185770258,5800915=0.0461710540126
par65800409,2010,Div6,Dist58,1,1,12114.6361,5801795=0.0149823767618,5801795=0.529412606424
par65801835,2010,Div6,Dist58,1,3,12012.62918,5801899=0.00554663663133,5801899=0.195994227256
par65801447,2010,Div6,Dist58,1,3,12012.62918,5801899=0.00554663663133,5801899=0.195994227256
par65801638,2010,Div6,Dist58,1,1,11569.5001,5801702=0.0292339,5801702=1.0
par65801493,2010,Div6,Dist58,1,3,11414.49435,5800868=0.00424098572194,5800868=0.0063399819232
par65801514,2010,Div6,Dist58,1,1,11340.81587,5800907=0.00183430971937,5800907=0.0390461432877
par65800553,2010,Div6,Dist58,1,1,11257.61609,5801616=0.007075,5801616=1.0
par65800433,2010,Div6,Dist58,1,1,11004.80489,5800904=0.010754,5800904=1.0
par65800410,2010,Div6,Dist58,1,1,10768.52904,5801795=0.0133176232382,5801795=0.470587393576
par65801542,2010,Div6,Dist58,1,1,10525.5,5800537=0.00350652250084,5800537=0.0531782784216
par65801643,2010,Div6,Dist58,1,3,10393.91327,5802580=0.0018395,5802580=1.0
par65801534,2010,Div6,Dist58,1,1,10265.38363,5800849=0.18395,5800849=1.0
par65800232,2010,Div6,Dist58,1,1,10081.35116,5800748=0.00990511814568,5800748=0.210845888409
par65800234,2010,Div6,Dist58,1,1,9796.99686,5800748=0.009625734669,5800748=0.204898775363
par65800395,2010,Div6,Dist58,1,1,9008.0067,5800564=0.00184782759367,5800564=0.00287260278313
par65800563,2010,Div6,Dist58,1,1,8299.15755,5801211=0.046695,5801211=1.0
par65801621,2010,Div6,Dist58,1,3,7952.49945,5800706=0.0113559142648,5800706=0.100317263823
par65801476,2010,Div6,Dist58,1,1,7661.50455,5800884=0.0169577917988,5800884=0.06145797517
par65801457,2010,Div6,Dist58,1,3,6992.49595,5801655=0.01132,5801655=1.0
par65801439,2010,Div6,Dist58,1,1,6988.99535,5801063=0.0283,5801063=1.0
par65801474,2010,Div6,Dist58,1,3,6496.5,5801694=0.0,5801694=1.0
par65800564,2010,Div6,Dist58,1,1,5948.0022,5801212=0.029432,5801212=1.0
par65801500,2010,Div6,Dist58,1,3,5855.441265,5801091=0.000799519091502;5800943=0.00163327173527,5801091=0.00390214889553;5800943=0.00390214889553
par65800396,2010,Div6,Dist58,1,1,5174.99935,5800564=0.00106155633701,5800564=0.00165027825029
par65801579,2010,Div6,Dist58,1,3,4960.496962,5803588=0.0713385429796,5803588=1.0
par65801656,2010,Div6,Dist58,1,3,4938.50335,5802796=0.00263756;5802797=0.00263756,5802796=1.0;5802797=1.0
par65800252,2010,Div6,Dist58,1,1,4931.853321,5800748=0.00484563914562,5800748=0.103146986794
par65801473,2010,Div6,Dist58,1,3,4526.219771,5805079=0.0,5805079=1.0
par65801494,2010,Div6,Dist58,1,3,4469,5802502=0.00213171434926,5802502=0.136955627964
par65800568,2010,Div6,Dist58,1,1,4260,5801933=0.0283,5801933=1.0
par65801527,2010,Div6,Dist58,1,3,4255.4953,5801682=0.00283,5801682=1.0
par65801483,2010,Div6,Dist58,1,1,4121,5800868=0.00153113240273,5800868=0.00228893761777
